,User ID,Address
0,4c731e48-0377-4d7d-b4c8-b2174b774ed8,"6208 Wright Mountains
Bryantfurt, AR 02531"
1,95258c36-5b6b-4591-85ee-0c43f503c1d5,"534 Williams Turnpike Suite 788
Port Julie, WA 70786"
2,a8229d24-f219-4930-a382-24049a8f73bb,"867 Lisa Causeway Apt. 015
West Brentmouth, AL 99540"
3,8f41c07f-db4f-44f3-ae81-1f99cee047eb,"5687 Wilson Harbors Suite 763
Lake Robert, FL 22223"
4,3af8d78b-55c4-4ac0-8161-7cc3f6ec11c9,"Unit 2614 Box 8996
DPO AE 23660"
5,2bd9c167-e06c-47c1-a978-3403d6724606,"42350 Wilson Turnpike Suite 472
Mendezmouth, VT 50550"
6,7dd7dec0-5758-4a6e-a7dd-27a20e57c757,"998 Lauren Villages Suite 720
Susanland, HI 92070"
7,f62c96d8-5b1e-45c6-8a65-b36a9387827d,"418 Jennifer Motorway Suite 815
Cruzview, GA 03543"
8,22056f9e-4654-44e9-930d-2fabdeb80f95,"271 Ashley Fork Suite 100
Michaelburgh, MO 35011"
9,30a7de62-d6a1-47d6-963f-0724adf18c4b,"56824 Crystal Freeway
Hoovermouth, ME 38682"
10,c7b6e374-1bef-48c3-8222-cc231dbd5cce,"4719 Joseph Cape Apt. 672
Port Nathanielhaven, SC 42585"
11,eff1e86a-8ede-4a41-818b-9442e3181ee3,"PSC 8330, Box 1422
APO AP 16415"
12,346174b1-4661-4cdd-8c47-66dbd013cd56,"24228 Abbott Roads
Johnsonhaven, AZ 90289"
13,0f1f6aef-b094-4b4d-b6b6-412ebc42c12b,"8639 Gary Springs
Ronaldview, HI 08179"
14,0828c4e1-63ec-4121-aa07-eefd37954bb9,"8690 Martin Hollow
Janetfurt, MN 29250"
15,8665a934-dc22-482b-9289-2e2c9d6a4095,"23776 Nathan Street
New Andrew, ME 65273"
16,d4dc38d4-5c80-428f-95da-b746a275531c,"PSC 9080, Box 4772
APO AE 11277"
17,5ff89fb3-b364-494f-b62d-07097b2ffa12,"55166 Christian Islands
East Stephanie, SC 24173"
18,bbef3be1-172e-44bb-be3b-013140707ecf,"8832 Madison Fork
Sherriport, MD 39044"
19,fb4654ff-ce23-4a77-b52a-50f8948b5664,"60402 Liu Ports
Ryanmouth, MT 81556"
20,77908afa-eff6-49a9-b042-04fff799a0ff,"125 Robert Path
North Ashleystad, MS 10419"
21,26c6734f-42b6-48f8-a08e-e1c3a79019d0,"9597 Guzman Bridge Apt. 326
West Veronicaton, SD 07093"
22,41b0ee09-2868-4c4b-a22d-b533a7fa46af,"99287 Wilson Park Apt. 318
Tonitown, IA 78146"
23,2ab641a8-6ad4-4d1a-8511-d87ff5346773,"3272 Hall Camp Suite 066
East Nathanborough, AL 79047"
24,da97952a-2eba-46c4-a19e-3df3c40a1524,"03312 Alexander Shores Apt. 213
New Krystalburgh, IN 99313"
25,92c3576c-8634-42a8-8005-6e1ff8c207e8,"371 Payne Village Apt. 262
Brianton, KS 65215"
26,a1a9c0bd-785a-478f-a19e-9eb48fae0bd6,"82182 Matthew Point Apt. 310
Port Nicolebury, WV 57530"
27,e8493c32-7f6f-4e57-a691-cf0df6f015c9,"7927 Curtis Glen Suite 568
South Thomas, CT 71151"
28,aa71ef91-252d-4c99-92ad-cf617f09fced,"65135 Paul Cliff
West Wendy, KY 36605"
29,dcc6000c-ba92-472c-8bc1-9e9ca30b475b,"45056 Tammy Springs
West Nicole, VT 62857"
30,9ce133df-bd87-4559-96d7-a402add824ca,"440 Morgan Groves
Sharonmouth, NV 16890"
31,63e07d14-7bed-44b8-9cf0-4a7e9b2a99ea,"42803 Crawford Extensions Suite 059
New Dustinshire, NM 59137"
32,a559688e-3f10-436f-a25e-8ad553eacb89,"351 Bolton Avenue Suite 438
Michaelport, OR 87388"
33,3c45659f-e24d-4b0d-8210-0b7704ea1ac6,"788 Daniel Land Suite 400
Cameronmouth, NH 99911"
34,2aae6657-1214-4119-8cde-6b0dc5cd5529,"189 Heidi Glen
Fisherborough, KS 37123"
35,002cd824-10f2-447c-8d1c-940325a1cdf4,"891 Anderson Point
Port Brooke, ID 74539"
36,0c347562-ce55-450b-91ab-0707662b36f5,"371 Crawford Cliffs
Welchmouth, LA 19265"
37,b143cd2b-20b1-4e9c-9bb7-cfb359b33d01,"19989 Gina Burgs Suite 207
Johnsonmouth, NV 87900"
38,3f2d07e5-3604-4873-9737-bb44340773d8,"USNV Brown
FPO AE 46644"
39,7918d465-0953-4f20-9e28-539e74c82e2f,"655 Jessica Valleys Apt. 029
Wilsonmouth, OH 61668"
40,9e9c6089-692f-406c-afee-50f62c127e9d,"USS Hahn
FPO AA 69593"
41,fd7396b2-a18b-449c-b326-e676aebd7776,"982 Jones Stream Apt. 637
Aliceton, OR 78687"
42,9dcb5fd8-9e7f-40d3-bd1d-edf33ecf6388,"65767 John Stravenue
North Thomasbury, WA 51467"
43,dab237a2-dcc9-4322-a9b6-b2d16ee38c78,"01459 Ross Parkways Apt. 126
Haynesshire, MT 71948"
44,1932a904-86ba-4438-bb52-b7e6516a4019,"209 Christina Valleys
West Jason, OK 13984"
45,877ce8ba-564f-4b86-9cdc-94a93d9a7997,"29756 Frances Inlet
Sarahborough, NJ 69740"
46,7d624010-a0e7-455b-a606-48c5c467dd80,"190 Weaver Shores Apt. 074
Guzmanmouth, DC 40739"
47,0871bb31-3d6e-4e4c-ab19-95a262cac0d4,"112 Silva Station
Port Sheilafort, IA 35620"
48,f9ecf6a2-8402-43b3-bf22-8cd54394ea02,"282 David Cliffs
Lake Savannah, WA 21990"
49,132b1407-16fa-48f8-8112-3e426974bbb7,"739 Charles Garden
Michellemouth, KS 19336"
50,b9480379-4b96-412c-8dca-96fff9ae81a3,"0538 David Roads
Fergusonmouth, MD 32236"
51,fe15963d-0a77-4247-9bc6-04e146b826b2,"187 Renee Canyon Suite 879
Lake Brianaberg, AL 34115"
52,69527334-c362-47df-87fc-5e2b5e2605e5,"8905 Taylor Squares
Mahoneyview, OK 75053"
53,6e98e5c2-b7d7-4915-bb20-d01a42d29dee,"495 Eddie Plains
Hoganside, TN 74210"
54,90e2caab-9daa-4bf0-8104-c25e6c70c59d,"49297 Logan Forge Suite 391
Port Tyler, OK 30237"
55,43dc107a-bd3f-4cfe-96f7-8d17ca485bc2,"537 Jessica Crescent
East Christinafort, OR 26165"
56,85a3acae-0e71-49f4-a6ee-13d3df1f4962,"7523 Pierce Motorway Apt. 648
Lopeztown, WV 43348"
57,4cff698b-def1-497c-a78e-75058de67fe8,"38904 Nguyen Lock Suite 118
Lake Robert, CA 25680"
58,5ffd8b51-164e-47e2-885e-8b8c46eb63ed,"PSC 9038, Box 4090
APO AP 52456"
59,95023c1b-04b7-4efd-ab34-61a4a70bb9d8,"038 Roy Port Suite 983
Charlesstad, MT 64615"
60,2026ccb6-77b2-494c-9b6b-a5d32aa86776,"2908 Martha Drive
West Travisport, KY 02699"
61,ad9f5c2f-aa30-4baf-b084-56b1a4b63b09,"3846 Maynard Estates Suite 429
Andrewmouth, MD 84230"
62,7bf3ce80-784e-42a0-b06a-dbbd1e31a9b7,"76066 Darren Village
Port Tammie, MI 63748"
63,92b87fa5-f271-43e0-af66-84fac21052e6,"0574 Elizabeth Road Suite 512
East Candiceville, ND 76242"
64,ed1c744d-8561-4b41-b83c-7bf554fbca97,"PSC 8622, Box 3896
APO AP 71913"
65,e8c9386c-8fbc-40cc-9587-ccb912ec5c10,"32252 Allen Land
West Angelatown, TX 49832"
66,df1e7940-d514-40aa-af3a-e742792c4b5e,"138 Bennett Viaduct
North Barrymouth, NH 82285"
67,6e9c7f30-264a-4aa0-b3ac-36e852d10906,"PSC 2768, Box 0408
APO AA 38458"
68,69fcad9e-45a9-4189-b7e1-96b26c57c542,"38435 Dominguez Views Suite 347
Kellystad, WI 07929"
69,094fbe49-da84-4445-9d28-7fc5f593f5ad,"682 Michelle Forge Apt. 257
Port Brandon, WY 73810"
70,ec2729db-9794-466e-93ba-a19402e16bef,"5622 Ruiz Squares Apt. 927
Ellenview, NE 76223"
71,ddd079a8-00dd-4aab-9551-11961171db16,"088 Smith Via Suite 090
Danielmouth, SC 45333"
72,d97f6964-a2d4-4d55-8f3d-5b4aac2f569f,"3073 Brett Bridge Apt. 897
Lake Thomasfurt, VT 78445"
73,9ed68c70-13fd-4346-808f-2665943c46d6,"Unit 8003 Box 5162
DPO AP 61225"
74,9b6d35f9-5e15-4cd0-a8d7-b1f3340e02c4,"0090 Adams Viaduct
New Benjamin, VT 75869"
75,6fd58dea-315a-4ab2-8023-424a6ff455cd,"87776 Rachel Plains Suite 992
Port Williamville, OH 33676"
76,35d6a1f3-e358-4d4b-8074-05f3b7f35c2a,"2846 Jones Field
Leeberg, ME 29721"
77,e3417115-6e56-4f55-a4ae-70353582a8c4,"3645 Jacob Rapid Suite 379
Martinside, AK 05542"
78,9d0a0b94-b081-40d7-bf56-6f8f4750dbaf,"24312 Martin Views
Marytown, AZ 15304"
79,29ba1f29-2e45-41bd-9c43-05d0dae6c1c6,"305 Gutierrez Forks
Mayborough, FL 20709"
80,0c5b0547-820a-4beb-832e-3162f74ccfa7,"000 Melissa Fields
Michelleview, AR 95265"
81,48e26178-5cdd-4568-9990-d3bc5937910b,"12492 Harris Underpass Apt. 319
Larryfurt, OH 30726"
82,40e643fb-369c-4ecb-beb7-810114f331fa,"46924 Scott Trafficway
Dalemouth, SD 70346"
83,8fe167eb-3c69-459a-b32d-b030b942eab4,"501 Sherry Junction
Reynoldsview, MN 89430"
84,0a1cde57-79ab-4c61-b664-1d3b290b43cf,"5003 Potter Alley
Lake Meredith, NH 92634"
85,6ecb39b1-8f85-44f1-b2f3-0cffcba4d731,"181 Kristen Estates
Hullchester, OH 44577"
86,b6d04982-1509-41ab-a700-b390d6cb4d02,"3817 Brittany Knoll Suite 377
Danieltown, NY 07981"
87,d55f3314-96cc-4a5d-b650-f43f094cd3c3,"20863 Adams Turnpike Apt. 181
Lake Michelle, OK 08049"
88,7b7b5825-2ae1-4119-99a7-e638f13267a0,"Unit 0551 Box 4181
DPO AA 15539"
89,f182f7d5-e202-4e89-832e-02205dd2ff02,"778 Cook Trail
Carrollville, TX 05440"
90,03e3a23a-a77a-41da-9ecd-3f2ff9e5bc90,"443 Chan View Suite 154
Savagetown, DE 32530"
91,98411adf-cfc0-400d-aac8-e215571ef3f2,"67413 Lawrence Valleys
South Victortown, PA 70424"
92,4607d7b0-3313-49b8-9f73-5b8227fc5b67,"1827 Margaret Trace
South Geoffreyton, RI 20288"
93,1798905d-6c3a-4e5d-a9d1-ce429b1260d7,"11602 Hartman Islands Apt. 473
North Kimberly, WV 56982"
94,08c64787-e47b-4a7f-b00b-5590eb5fbc3a,"Unit 4373 Box 3248
DPO AA 01188"
95,2af7f476-41b6-4147-aac7-0bbcb5043895,"PSC 3816, Box 4398
APO AA 82519"
96,64b33556-9ecf-4ebc-8b4c-f829ab1a4881,"81554 Martin Isle Suite 028
Ballville, WA 57059"
97,e89d4cb0-3bec-43b8-8060-719983fe68a9,"913 Adam Plains Suite 065
South Charles, PA 69250"
98,69532ce2-1ffe-4187-8042-0230d115b24e,"022 Allison Branch
South John, IA 33036"
99,427fa55b-7f49-4981-bcd7-59fee8efb512,"0719 Ronald Ports
Theresaland, IL 26004"
100,1582dac6-ebec-43ed-a34a-1a202ca72627,"60083 Bishop Garden
Robertstad, CA 11888"
101,48e834aa-fd4a-4206-93e8-ac8fdac613bc,"359 Deanna Vista Apt. 925
Tommyborough, TN 75663"
102,48bed4d7-0329-472c-96d9-b23a103eb834,"7091 Lara Causeway Suite 453
New Lauren, RI 21033"
103,ad4bd878-55e7-487c-a4db-470b23bbd832,"08487 Heather Villages
Roseberg, WV 43804"
104,1e571af5-1796-424c-b744-a925897d44a3,"09740 Jackson Park Apt. 253
Wilsonburgh, CA 24477"
105,ae600af5-c1f0-4b1f-adb0-1b4c246373e4,"313 Mark Manor Apt. 843
Luisborough, PA 96060"
106,2f112802-2501-45b5-a9d9-470cda6ef23e,"40259 Mark Mountains Suite 714
Lake Michaelchester, MI 25605"
107,d74e1b39-7b34-4bcb-a24d-e215097187f5,"746 Carrillo Glens
Foxport, OR 27431"
108,7000ac2e-87a0-4e23-b342-5f150e03f9ef,"741 Knight Manors
Taylorfurt, NE 98382"
109,b76ebf8d-3f04-4e7f-aec8-22575f68d9e2,"246 Joanna Fall
Holmesfort, SD 71673"
110,80c36ce2-2cef-4a47-a563-d2a60a2b1825,"85242 Elizabeth Bridge Apt. 195
Espinozaville, DC 50054"
111,bfe23c39-f814-4282-b0f7-506cd8295b8a,"658 Mcguire Forges Apt. 563
East Heatherburgh, WI 31780"
112,a6e32004-8866-40e5-aaeb-e159c13fd42a,"6436 Michele River Suite 127
Port Kristina, NJ 05832"
113,cafa0d07-63be-4b5b-bc7f-c4f4091d403d,"2074 Martin Island Suite 412
Bryanton, MD 22137"
114,ae4eaf32-9db8-457d-ad58-1c4fad4b7eff,"1656 Megan Vista
Lake Kristin, FL 81830"
115,b841358a-d8ff-412e-b940-3a95fd31291b,"USCGC Cunningham
FPO AE 04893"
116,1a1be722-70b0-47e0-a737-1700cffa1e6d,"564 Gina Fall
New Erin, NC 41873"
117,4291e9a9-b4a8-42e1-b032-520b16f93888,"7013 Brett Canyon
Derrickfurt, TN 95557"
118,05782669-264e-4c14-990e-14c8dbb13bef,"34020 Joshua Mission Suite 487
South Robertburgh, CT 26156"
119,15cf4392-8541-422b-8957-a9c0380c11d9,"83443 Briana Crossing
Haleyland, MT 05041"
120,75ef996f-dee4-47d9-87e2-9b58ebd76ff0,"619 Wheeler Lake
Coreyview, ND 23104"
121,78703a69-8edc-458f-b0fc-85d96501dcdc,"290 Yates Loaf
Melissaville, AL 10176"
122,76cb4dbe-7748-49ab-8179-6e3f3b840dd6,"23420 Brennan Mountains
Maddenfort, VT 01314"
123,5d33137a-3306-4d5f-8ab1-48d2446a12b0,"PSC 9104, Box 9179
APO AP 34539"
124,e43acf25-fcfb-4dbf-bc8c-ccbe16c329e7,"9881 Evans Mission Suite 442
Garyshire, WA 20202"
125,e32722f4-69b1-4aff-b13b-8928ea08fd6a,"7883 Bridges Stravenue
Charlesside, MT 36340"
126,bcdf88dc-2a52-4716-bc24-a1b46040c8ce,"8817 Peters Mountain
Patrickberg, NH 71632"
127,fa3e42f0-71d8-455f-b024-e52d5c27a145,"1794 Robertson Loaf Suite 046
New Craigshire, GA 17333"
128,33c1cee6-ae56-4f8e-84fc-ee0a4b7bbf4c,"11861 Payne Light Apt. 577
Melissamouth, AZ 68375"
129,cf34e8ee-f508-47bc-baa1-bcc576e1084d,"16998 Thomas Curve Suite 874
Karenview, MD 20823"
130,2a41e628-4cc5-4765-af2e-8b3dec750c0b,"659 Kelsey Parkways Suite 400
Port Jonathonshire, IN 82069"
131,bf970f55-66c1-402d-a5d7-f086421516c9,"2287 Bishop Throughway
South Caitlin, TN 32386"
132,a6133f47-5586-434e-8be1-1e7122db1c0e,"974 Oliver Mountain
North Richardport, UT 44941"
133,11f207c2-0113-47e5-aa9a-df2c7b91ac75,"8830 Cox View
Brittanystad, MT 70810"
134,56b8948a-68bd-425f-b842-eabe6bcfacca,"9539 Sierra Spur
Schwartzfurt, VA 40451"
135,8b49caad-bcc5-43de-bf40-34a66ff8805c,"8389 Torres Street
South Maria, AL 04577"
136,8f3d5674-544d-4f70-b4c1-7b9d93371855,"140 Smith Forges
South Heatherbury, NC 69055"
137,d27670c9-f85e-43e0-80a7-122cba908f10,"Unit 8764 Box 5726
DPO AE 56727"
138,18c56602-937e-4ff3-bc6c-43f0b14212ca,"1630 Jimenez Ports Suite 217
West Ashleyfort, CA 00796"
139,e79a2e98-57b4-4469-8da4-87f338460d42,"0496 Patterson Throughway Suite 903
Lake Brianstad, PA 93061"
140,a8d09ab9-44c6-493c-afdf-93888822a4b0,"42154 Susan Hollow Apt. 881
New Robertton, MI 26982"
141,3956593b-7739-426a-b7a5-e841c95a5df9,"36285 Matthew Lake
Veronicaton, ND 33947"
142,49f49bcf-17fe-4edd-990d-16c3d1df931b,"42707 Kim Summit Suite 300
Port Tiffanychester, MI 85051"
143,95f4bf3f-7eb7-429a-9f48-0f7cbdf0beaa,"61520 Washington Hollow
Lawrencehaven, ND 11805"
144,568e7c6f-b1e9-4a85-897c-aaaaa0ce8832,"276 Abigail Club Suite 257
Rogershaven, TX 09776"
145,4dc7482d-e44b-47cc-bc27-7bf663497997,"399 William Oval
North William, NC 22079"
146,85eca06e-b8db-4fd9-b083-da47572c40b2,"66770 Cardenas Fields
Jackfurt, DE 71283"
147,d71363d5-6468-44b0-b641-94c4776bce98,"0535 Tucker Freeway
Danielview, OR 46067"
148,1ebc46fa-edd3-4dec-bb45-c124daf83512,"2857 Green Row
West Elizabethville, TN 15511"
149,91bec0ab-a8d4-421e-b333-e511c7c6f9a0,"2589 Lee Mission Apt. 819
Port Jamesborough, ME 21958"
150,9bb5d084-0b28-4352-8591-5b5a4efecdf0,"8534 Haynes Union
South Jason, TX 26599"
151,dbacabf8-7ebd-4f22-a261-59d8dad306f1,"00530 Harvey Trace Suite 135
Youngborough, NM 49274"
152,7a85fbc6-253f-4552-9f4a-c1a332e14fa5,"463 James Forest Suite 891
Clarkstad, AK 16076"
153,9a5aca53-6263-485a-bf77-e60c4608fd26,"2377 Nicholas Springs Apt. 503
North Sara, MN 74761"
154,0c9ea4da-c609-4b08-ab44-1da0530ba364,"9527 Ellen Station
Heatherberg, SC 95732"
155,1f81cb56-5258-4f9e-ab2c-4dfb581b44cb,"39526 Perry Courts
Lake Christopherside, WA 40989"
156,311d7214-711f-4f66-bc9a-e835fa54ffb6,"6624 Russell Shoals
New Michele, WY 56469"
157,109782f9-4141-4d5a-826f-9a4ea672f65b,"5681 Johnson Circle Suite 627
West Lisaville, IA 51824"
158,fe1c151b-1a95-43fa-9a4c-f3214adba852,"4966 Eric Brooks Suite 394
New Malik, MO 03506"
159,c76c3393-88e2-47b0-ac37-dc4f2053f5a5,"PSC 0909, Box 1784
APO AA 16657"
160,49da0743-cb4d-4c84-b6a2-537bbe7256d1,"7536 Thompson Road Suite 148
West Bobby, MN 75941"
161,acd90ee9-84cd-465e-88e3-f128dd0cc1da,"78377 Michael Street
Lake Andrew, CA 48937"
162,f02267ef-8974-43f5-9a2f-03d2c8ec22ca,"3055 Terry Port Apt. 195
South Ashley, HI 86394"
163,b0d6f088-ee97-4087-aeb1-4957f24a5f4d,"4482 Ann Throughway Suite 186
New James, CO 10587"
164,6978b891-dea2-4217-8bc8-47d5aa25e743,"65533 Ray Wells
Joshualand, AZ 75615"
165,c880dbc5-8997-4f38-9055-c254b9133175,"4939 Lozano Forest Apt. 330
South Jessica, CA 74017"
166,33a8d02a-e255-4ffe-9d90-2df8c2914077,"2489 Pierce Ville Suite 169
Barrymouth, AR 44534"
167,c64c5004-6ab5-4faa-9fcd-8039fe57799d,"9993 Marks Shoals
South Ronaldstad, NV 15604"
168,2c32ac39-926d-4473-801f-5733222ad74f,"1221 Jasmine Terrace
Port Kristineshire, GA 46158"
169,06a8036a-6e4c-4b15-a6c8-ca74ac11ea73,"88916 Hogan Squares Suite 468
Travischester, CA 07575"
170,fe37b2b4-ee09-4caf-aff5-fd15f6f083a1,"033 Kim Isle Suite 977
Stephenfort, ID 13388"
171,e0e16358-f850-4085-bc5a-ed8e6a4b2ec1,"409 Cheyenne Mountains
Port Sarahmouth, PA 55508"
172,289044c8-e74c-4814-898a-b3b5eba6e46e,"3625 Rebecca Crescent
West Benjamin, CA 88681"
173,a6668254-c779-424c-8c8b-1762bf45916e,"8363 Mary Route
Michaelport, UT 03644"
174,cd5fd7db-8715-41b7-8f4a-11a65b638d8e,"97474 Diaz Prairie Apt. 120
Angelaburgh, ME 70682"
175,31d378e7-9e95-4e8a-b564-7fd346027dfe,"083 Chan Trace
Port Michaelton, NC 80868"
176,a58444bc-a23e-40a1-b09d-0f90bd5cd6b3,"23372 Moore River Suite 639
North Davidfort, AK 29805"
177,808f5b0d-17e3-44e1-b58e-7f35ebabaff2,"9255 Barajas Streets
Reyesmouth, NY 75630"
178,3663e3e6-3d5c-4ed9-a6af-1e680ec5f34b,"00200 Anna Land
North Hollyfurt, IL 03755"
179,68724f58-bc4d-4ab0-a4e1-60cdd5e95e7d,"54378 Ariana Union Suite 900
Port Bobbyberg, MI 56741"
180,54a8e072-5369-4122-9189-43b55e1a4ba2,"9099 Katie Burgs Apt. 064
Robertsport, NH 98023"
181,987b33de-7307-48c1-b34a-6c6806d7af67,"57249 Smith Green Suite 212
West Ryanland, MI 72354"
182,324e384a-9963-4d17-94aa-21859ea85062,"309 Salinas Stravenue Suite 842
Lake Thomas, MN 12440"
183,85503a94-e733-486e-989e-12ff9b59f2d3,"72389 Adams Turnpike
North Tara, IA 95679"
184,8d3cd87d-8a31-4935-9a4f-b319bfe05f31,"1950 Michael Mill
Lindashire, KY 08693"
185,4ce3f877-96ea-4a37-8107-1176126d9d97,"977 Bailey Parkways Suite 546
West Davidburgh, MS 03949"
186,8af596f3-c67c-4f40-a0cc-e258e730a8f5,"2926 Louis Summit Suite 605
Justinton, NM 68686"
187,37867a23-d07b-4990-8fa8-d694cf7d3b1b,"7465 Sanchez Rapids
Raymondfurt, MN 66351"
188,425b7021-0409-4358-af39-2bff14197d0a,"6967 Gonzalez Roads Suite 288
Lake Rose, DC 62330"
189,7719b807-bf22-4b36-8f69-44d9a87d239b,"697 Michael Shore Suite 177
West Rebecca, AR 95374"
190,e377a5c2-0378-4684-b7d1-5d80e04243ed,"663 Sharp Fall
East Benjaminview, VA 13189"
191,9210e8dd-d2a2-4ea7-8cbd-f37e1e8efea5,"74809 Kimberly Circle Apt. 339
Knightbury, IN 44194"
192,d51a3403-8bab-4d88-af4f-a429c6d8c168,"62581 Duran Unions Suite 459
Nancyberg, RI 43155"
193,a6f003be-b0fd-4100-b4cc-f568a21b9745,"63138 Karen Lane Suite 493
New Karenborough, KY 56742"
194,87026ce7-fd0b-4b57-9126-d4bae2c1ee0e,"619 Rachael Station Suite 901
Seanhaven, NJ 34840"
195,1ee25417-3648-4220-9b8f-fc82d1ef450c,"Unit 8694 Box 8359
DPO AP 98988"
196,23483ddd-e43e-4c5f-a1b7-5392410aa8d1,"9462 Darlene Meadows Apt. 135
New Erik, OH 21431"
197,c07fd88f-9e7b-47eb-8477-8fcbffb7c5c8,"75924 Fowler Summit
Portermouth, NE 46119"
198,e57c1d53-11ce-4df6-bb4b-85647776fd6d,"80826 Fox Fall
East Michael, KS 93499"
199,624db443-c716-4227-ac84-a6f7c3a59162,"7894 Christopher Junction Suite 831
North Shawnburgh, TX 17046"
200,4baf648a-0ad5-412d-8250-5a0ff9289fbf,"24946 Hall Camp Apt. 591
Moonview, DE 38595"
201,ab9a4d70-3ae4-48d6-b161-c18bd687c3b4,"3475 Monique Station
East Jacobborough, VA 02578"
202,caa8605b-5cd3-49d0-a680-2a6e9f3bf0a5,"233 Amber Alley Apt. 572
Gonzalezfort, MO 83466"
203,ed5e1675-94a8-482c-8b43-1b9bb71d0495,"61958 Courtney Branch
Sarastad, VT 69469"
204,e206e31b-5f85-4964-b6ea-d7ee5324def1,"18111 Jones Spurs Suite 756
New Lauren, PA 29244"
205,392bf6a1-dd73-48a5-9fd9-431749f2a8ef,"668 Patricia Isle
Martinview, WI 93790"
206,163daa38-8b77-48c9-9af6-37a6c1447ac2,"533 Joseph Isle Suite 449
Wardland, TX 97192"
207,583f2bde-886d-4cf3-a5c4-7cb60cd25df3,"890 Mikayla Ferry
Maryport, KY 28636"
208,d81dc9d9-a614-40f1-9dd4-7a4a05bac243,"60738 Matthew Square
Lake Christine, HI 24434"
209,fe0e2711-bad0-4a0a-90fa-b2d9e8c773a8,"369 Chelsea Plain
Rebeccaport, MD 94455"
210,334e2fe8-6f2c-424c-8ed5-12c99f048722,"41639 Roach Union Suite 767
Amandahaven, MI 76329"
211,b726d35b-6345-4ed9-8431-fc75e38ba179,"06912 Townsend Plaza Suite 265
South Andrew, DC 06057"
212,ce9b41f4-625e-4868-83d1-6b53767a8af5,"0605 Angela Lake Suite 496
East Matthewville, AL 68736"
213,1e6db00c-22dd-4ae9-80e3-95f7a88b18b8,"226 Kristine Glen
Gibbsshire, SD 36642"
214,98511140-45c4-4faa-9962-fea5ad618ea3,"8817 Paul Vista Apt. 501
Coreybury, LA 38711"
215,922d93a7-d56a-4e74-b1bf-1e7bab42dcc4,"PSC 0757, Box 2246
APO AP 59935"
216,330ded4b-db65-485a-80a4-6b3bffd33067,"4968 Julia Underpass Apt. 278
Candiceside, DC 70470"
217,f41d30f1-50c3-419c-a2d8-9043c7e568ca,"4304 Thompson Unions Apt. 404
Port Benjaminhaven, OH 80501"
218,79acce4b-b991-4a68-b762-d496686a4f32,"509 Haynes Road Suite 508
Farleyshire, OK 21475"
219,3e65775b-36e4-495d-9c45-28127fb3da5f,"873 Jill Lane
Romeroville, GA 20232"
220,d16ed6bf-d35e-463b-92b0-393ee67e220c,"573 Laura Fords
New Joshuastad, AL 08063"
221,9be473d9-cfdf-4954-bae2-09b0555a8ebb,"1480 Wong Bridge Suite 863
West Hunterburgh, MS 92171"
222,13f0db8a-152a-496f-a6e8-1ed6a90b8788,"Unit 8199 Box 1582
DPO AP 88280"
223,ef56931b-540b-4166-9090-73ae48ac8d97,"274 Deleon Estates
Lake Jennifer, TX 07214"
224,4bcb2c2e-36ed-4d5d-90a1-440993e9f6d2,"6209 Ashley Ridge Apt. 844
West Guy, SD 42327"
225,a92660de-2154-4694-a86e-88cb81c8ea95,"3558 Kurt Underpass Suite 261
Lake Brenda, TN 07706"
226,c1e01541-7508-4712-a22c-0370f232a41e,"119 Powell Trace
North Williambury, MD 32073"
227,b1ceae0c-016d-421f-a6f0-488a7857f9f6,"63792 Roberts Meadows Suite 054
East Carlstad, ID 36208"
228,24789387-968b-425a-8836-14e243cda16c,"6021 Christopher Crest Apt. 837
Cartershire, DE 15440"
229,5c433d28-dfb7-4456-a468-dc3705147ce0,"7034 Griffin Trail
West Rebeccaport, ND 25874"
230,ed3494e3-695b-4068-a725-09c6cdf92d63,"230 House Road Apt. 693
Parsonsfort, AK 22074"
231,afab7336-04d3-45fe-8917-0327c56e7435,"668 Collins Drive
Aprilfort, ND 24342"
232,89d6bd9d-ce6b-42e5-bb9b-ece3b338396d,"458 Fox Road
Marcville, AR 57856"
233,948f7e9d-49bb-4770-bc9d-cb3fb65cca15,"2627 Stacy Trail Suite 425
Anthonyhaven, NJ 89064"
234,15e325b1-c221-4bf8-8010-18d76b03646e,"654 Joseph Brooks Apt. 069
West Richardmouth, AZ 86381"
235,3954373b-2411-4d3a-98ba-03bafc1a1a6d,"50010 Powers Islands Apt. 535
Smithfurt, IL 16504"
236,b3e73328-3638-4913-b7ae-3a6a64c1cd62,"17542 Brown Spring
Jacobtown, WA 58150"
237,47def058-01cc-478f-9830-eaddcccac633,"7445 Michael Prairie
Jasonton, WY 09042"
238,6fb7ead6-71f3-4f57-94bd-18111fbc5e1a,"3104 Wilkins Fields
Lake Anthonystad, SC 28577"
239,30be2156-59d1-451e-beea-1a3690200a2b,"18209 Williams Freeway
South Terri, MA 51015"
240,b83ae39f-2b80-4925-b5ff-34ddefd7f07c,"72478 Blackwell Springs Apt. 850
West Lindsayville, IN 42605"
241,0f21b6d6-7be6-484c-9698-d851ad7d43c5,"679 Sabrina Causeway Suite 012
South Kelly, TX 40487"
242,b6fd2140-f8b9-498a-a07f-0dc9986736c6,"76915 Ayers Wells Suite 136
Thomasville, TX 41747"
243,73a9e869-62a6-4508-b146-20dc9de19276,"2856 Miller Path
Vickifurt, ID 57842"
244,8d67b1c4-cd76-4701-a908-738e7a2411e7,"338 Ramirez Knoll Apt. 999
North Eric, NM 56762"
245,13c06e7e-833d-47eb-a790-5e09ccfd8d2c,"663 Golden Loaf
Heidistad, CO 16965"
246,7e263bf1-e036-4cc8-9cb8-9beec89027a3,"144 Alexander Inlet
Kimberlyburgh, NV 40450"
247,122c3e03-0a96-4d62-9d17-27f8e2b6ba58,"89512 Todd Course Suite 452
Katherinemouth, WA 95143"
248,6053d7e5-47da-4156-8b7c-dacf23a0e660,"22154 Sampson Meadow Suite 214
West Michael, CA 54623"
249,1add9169-fda0-4da2-82a0-4de3bf7ed8ca,"306 Katherine Harbor Suite 849
Schneidermouth, IA 90041"
250,9a84c667-c913-47ce-be69-0f847dbfe0db,"9439 Jeffrey Alley Suite 593
Lake Kristen, AZ 73247"
251,80e03bc0-fc8f-475b-a4dd-870844b7a313,"48921 Elizabeth Locks Apt. 871
Lindaborough, MS 40378"
252,192a526b-4952-4bda-b659-4661dab12716,"24127 Weaver Pines Apt. 640
New Moniqueville, CA 58927"
253,1545ddaf-2b75-4143-82fe-b88966aee4fb,"09458 Brittany Mall
Levinemouth, MD 50169"
254,63e1cb43-d3dc-491a-af16-209c1c152c44,"9665 Bean Forge Suite 635
Franciscoside, ND 41116"
255,1bcc3c26-e82e-40f4-9d16-3311c8c1ddf6,"USNS Bird
FPO AE 07625"
256,286516cf-d236-40de-8d28-7d0bd173125d,"331 Pratt Extensions Apt. 996
Jasonton, OH 00695"
257,b827588c-31b2-47f3-916a-a1dbf7987f50,"1657 Samantha Corners
West Cynthia, KS 54469"
258,9fb4ce88-fac1-406c-8544-1a899cee7aaf,"703 Brandy Road
Fisherborough, ND 30873"
259,b09e3125-2162-443b-bea0-25895b7605bc,"5130 Christine Parks
West Jaredstad, NE 51136"
260,3efc3621-873a-4b80-a0cb-27e531d600be,"610 Austin Avenue
Pricefurt, WV 16492"
261,3455a646-398f-4b16-b19a-1371cdb2e048,"7407 Rogers Junctions Suite 414
Port Jennifer, SC 81017"
262,80fc5e28-17ac-4e79-b9df-0d500abbe8b5,"949 Denise Pass Suite 513
North Michael, NV 43667"
263,bc142f57-1307-46c6-9975-8c3a1e5f540c,"25502 Amy Square Apt. 092
Thompsonville, NM 47897"
264,c834ba1d-8a10-4984-aaf2-7c2eab207076,"8563 Hill Glens
West Melissa, MS 92364"
265,242a3620-fc18-4120-ac72-37b0f3716879,"37434 Farmer Motorway Apt. 569
North Davidborough, SD 23685"
266,740a4abd-187d-4783-990b-161c52fb5f86,"40960 Shaffer Extensions Suite 928
Perezberg, MD 28093"
267,084eb113-0d87-4ae5-891b-2ec7f1e194a8,"15499 Miguel Ridges Suite 922
Hoffmanfort, IL 54149"
268,a4a3247c-5e68-49d0-a768-a8d7db1c8ef4,"96645 Terri Pass Suite 555
South Joshua, CT 73965"
269,de39bbda-66a8-4c52-835a-7a104cf7f081,"71357 Jonathan Via
Garymouth, MN 09490"
270,19fa2bc2-96ab-45b6-99de-1995c2bee330,"56503 Christopher Road Apt. 657
North Jamesfort, GA 32215"
271,4eed2f45-f040-4995-a60f-472af1ff379a,"57211 Powell Ridges Suite 385
Ronaldmouth, OK 64964"
272,4ef2c812-b152-4a72-a443-f4ff787d7b0d,"541 Rose Roads
Bradshawfurt, WI 34666"
273,7adafb3c-7c7c-492b-be5b-5ddd9ff1316a,"9413 Lawrence Terrace Apt. 564
Michaelview, KS 70932"
274,d9aab962-e964-4afd-83ee-abda0865da67,"874 Reed Groves
New Johnathanmouth, CO 59652"
275,7d8464e7-44df-46bd-b338-d599eb730ea2,"04322 Griffin Neck Suite 163
Woodland, WI 30182"
276,c3988ef2-7e28-4db7-8981-c69f61a3bfce,"89033 Christopher Run Suite 734
North Thomas, MO 31295"
277,f50ac030-3af8-4e07-aacf-dccff353b8f6,"4006 Joyce Field
South Blake, WV 44974"
278,76a034b7-e163-4735-a15b-b0ff645ca627,"188 Jerome Island Suite 567
Hansenton, WV 20127"
279,d1a89d23-7d17-4949-9e1a-637317141f3d,"304 Sandra Streets
Kimburgh, AR 30942"
280,5a1ab9a3-1983-4021-9557-d3700a276746,"4030 Parker Alley Suite 043
Port Scott, CA 77383"
281,18421d97-6f86-4d21-a7b1-dcc57dd8be76,"PSC 7263, Box 9049
APO AA 08308"
282,c5d04879-87bd-4950-9e63-334382ef53af,"USCGC Simpson
FPO AP 24488"
283,ded166ee-173b-4a56-bc6d-464c35709670,"Unit 2127 Box 7084
DPO AP 47768"
284,72d2587e-8fae-4626-a73d-352e6465ba0f,"384 Steven Station
South Duane, MI 85677"
285,ef629f00-391d-4a79-af74-77a9afdbbd41,"49172 Rachel Turnpike
Dillonfurt, VA 63446"
286,9a5c1dcc-d26b-4303-b487-3075e7d34e02,"00777 Melissa Crossroad Apt. 719
Sanchezside, VT 68213"
287,05d7e77f-a18a-4358-a23a-46c560b3682e,"540 Shah Hollow
East Chadport, TN 55493"
288,acbac577-54c9-4476-af3c-a3241a3f4a19,"939 Lucas Junctions
Millsberg, SC 79696"
289,45064aca-5e28-4b1f-be64-202fc5e0daba,"04308 Jacobs Valleys
East Erik, CO 04987"
290,31cfc138-cec0-4176-bd6d-79c4cadbb1d4,"26351 Johnson Knoll
Port Douglas, PA 11673"
291,3d5f257e-556b-4e19-b127-977bc5c4daed,"593 Stephens Spring
Lorihaven, AL 04182"
292,f9775602-43ab-4d54-ad93-7c9a489879bc,"5566 William Locks Apt. 237
Lake Monica, WV 22909"
293,af647535-dae8-4ca3-9203-bf4bfc607ffe,"19797 Chen Ferry
Port Erikaland, WI 98982"
294,9e9cf8e7-6731-47da-bc0f-3a487e835586,"9842 Elizabeth Curve
Richton, ND 81103"
295,6f2e20b4-5d7f-4345-b5a1-71a768ab8050,"Unit 7779 Box 7818
DPO AE 22183"
296,fe224147-e893-4178-b46e-b12f22bd7ed1,"8637 Anderson Crest Apt. 989
New Kevin, FL 22986"
297,683d880b-3ccf-4f4d-8182-96e7a7a884bd,"3509 Lee Rue Apt. 774
Sanchezview, RI 60023"
298,a90c3ed2-7c64-47c3-9da5-b10d05f6f9f2,"Unit 9861 Box 7865
DPO AE 78157"
299,5d454588-283d-459d-915d-c48a2cb4c27f,"00358 Heather Gardens
Lake Heidiview, OH 42464"
300,b870b764-7447-4990-a8d4-024d33e0e67d,"61438 Ashley Rapid
Lake Davidburgh, WI 64695"
301,374634b7-aead-4f2f-9303-c15f456c4094,"PSC 1888, Box 5510
APO AA 90778"
302,91fa7240-3d29-4dd0-baf1-ace7742a6e3f,"48590 Cooper Stream Suite 889
South Sean, NC 71373"
303,375985a6-ae79-43d2-b7c6-b182d83f1eaf,"7339 Harris Corner
Vincentfurt, LA 30436"
304,248a8f9f-10ac-4786-adfb-d0c3dd4e4b97,"20012 Anderson Terrace Suite 936
North Mark, DC 15374"
305,600118fa-e6f4-4d74-aeb6-936abbbf38a1,"3536 Christopher Hollow Suite 100
Allenport, PA 83406"
306,91dbe082-62c3-4bfd-9721-7c94be3a3d32,"2840 Brandon Groves
Port Mary, CT 72674"
307,17bc2431-754a-46e8-81e2-32820d3fc612,"961 Hughes Station
East Devon, DE 41780"
308,3ae50cc3-39cc-440a-8e31-3215011f2762,"796 Burgess Vista Suite 995
Lake Rachel, MT 18164"
309,168e6d97-0b9c-45d0-ba57-cabc8c60d428,"81437 Rojas Trafficway
Anthonyview, OR 94177"
310,eb74e88c-1bf5-402f-987e-90a5977ae1e3,"0384 Perkins Squares Apt. 339
South Madison, KY 67565"
311,f7d73e35-248c-4369-9e4d-1f38bea06a5f,"83683 Clinton Brooks
Phillipschester, ME 56093"
312,fc17ca61-7c66-4ceb-8504-32f58b438b45,"979 Dennis Gateway Suite 250
West Jenniferview, NM 80685"
313,5897490a-0aaa-49c9-b63e-0da83088e3e0,"USNS Schneider
FPO AE 13152"
314,e09aa625-3db7-49bd-be09-9aaa0c86a8bf,"81352 Blair Walks
New Daniel, TX 08232"
315,a1290f9f-af93-432d-be86-65840470c621,"367 Jonathan Throughway Apt. 825
Williammouth, MI 89519"
316,b7b551bd-8cdd-44f3-aef8-29bf82b51535,"45143 Cabrera Underpass
Port Melissaborough, NM 50824"
317,90898216-e580-46c0-8e79-f2df84a9676d,"225 Fisher Extensions
Port Lisashire, WI 44007"
318,a81df767-7da1-4844-b63c-fee4c9c7895d,"6688 Michael Route
West Josephfurt, VA 25603"
319,8dda1a41-9e57-4944-bd36-18c0ac343b13,"Unit 4550 Box 8148
DPO AP 47371"
320,cfe50481-7c50-48fa-97fa-89b6f137e1bd,"854 Andrew Tunnel Apt. 147
North Steven, HI 03808"
321,40f15350-9ac3-4b6c-83c3-51cc7945dd01,"4138 Schmitt Plain
Christineville, MN 73537"
322,20d507a0-fdba-4c04-a30c-bd18273accdc,"1464 William Ranch Suite 413
Johnnytown, WI 73058"
323,64b82ed5-80dc-4fbb-9dfc-d7e037684f0e,"993 Jacob Island
New Susanside, MD 70021"
324,f4ed8f9c-5eac-4d77-a206-c60afda2921a,"526 Kimberly Center Suite 341
New Lisa, CO 12768"
325,4172c4ea-8fd9-4e50-bd2c-7020eab84f34,"411 Santana Center Apt. 401
Port Rodney, LA 14985"
326,dd118345-3ba6-4800-9686-d5479fee403d,"Unit 8902 Box 9429
DPO AP 73681"
327,e74edcea-5db4-4412-a4ce-eb7c5adc314a,"644 Emily Burgs
South Paulstad, TX 93774"
328,fa16aabb-fac3-4310-b19c-ce7021eb825b,"10902 Roberts Forge Apt. 632
Christopherville, SC 10981"
329,72f7f84c-5bcc-4380-81cd-3378ce0a1b32,"3206 Dustin Tunnel
New Dwaynefort, WI 29753"
330,8d3661fd-d953-4c1b-857d-82b3e34f569e,"797 Smith Oval Suite 284
Port David, VT 62603"
331,b4a6b3ac-b6af-4525-8d59-7afc00ff279d,"086 Cole Inlet
East Todd, MS 21066"
332,3205ad12-726a-4b65-a15a-1a899a9d310b,"PSC 4430, Box 8569
APO AP 15240"
333,0873e9a7-234a-4096-a92a-8dc7a03eb0c5,"686 Jones Landing
Bryanmouth, NH 32851"
334,7be6e8bc-39b0-4035-ac93-1df8fd7e1928,"84045 James Shores
Lake Robert, NE 39700"
335,789b11b4-96ff-4abd-8da2-3da8b12d1e6e,"Unit 0892 Box 7484
DPO AE 41789"
336,cad2d54d-9555-4dfe-bfcd-7a584895a002,"7586 Ashley Island Apt. 739
East Timothyburgh, ND 03126"
337,3b751c3f-bab7-4b2b-a95f-10d57c02aa6a,"545 Decker Stream
South Antonioville, AK 42672"
338,bbe8f83c-af9c-4dab-b5fa-7925822e450d,"4820 Jeffrey Wall
Port Stacy, MA 06050"
339,a710ab29-b72a-42c8-a79b-42e63d4a8bfd,"579 Crawford Landing
South Wandafort, UT 97692"
340,ac4e6ee0-d1bd-4e6b-9355-7567b3e3ec5e,"43714 Shane Row Suite 973
Kanebury, RI 31041"
341,5ad56e97-58f6-4e66-9b8f-5c16358a9a97,"783 Rios Stream
Bryantville, DE 43460"
342,d5b6f279-ab5f-4391-b92a-c8acc8ceceb6,"5790 Brown Cove
Marcuston, HI 91639"
343,f717de6d-2b64-4ef9-855d-ff1c9460c3fe,"07272 Mark Shores
North Kelli, NE 27814"
344,225f147b-0951-40a8-96fb-2ceba9f3153a,"6819 Jeffrey Green Suite 499
Robertport, IN 32685"
345,92423e9a-4e8c-49bc-be75-c819912696ce,"182 Robert Common Apt. 673
Delgadoborough, CT 74711"
346,3a80467c-0f1f-49ca-b904-1938ea2177a9,"83885 Ferguson Overpass
New Ericville, CT 88461"
347,80c9ce48-46f9-4f5e-b3ca-3b698fc2e949,"318 Sandra Circle Suite 396
Stevensport, SD 72190"
348,bf721d00-4fa1-44b1-834f-4730cd51aefa,"06429 Jonathan Junction
Brianmouth, GA 93687"
349,f0ef81ec-85b1-4475-ae60-aa7d373088aa,"296 Benjamin Rapids Suite 816
Gregoryton, MD 19582"
350,9b8a3e97-eee6-4de5-ab88-e00d2c0db6b9,"5939 Crawford Islands Apt. 775
Reedmouth, GA 72339"
351,61d88e0e-c0e7-4352-85ad-555e464ff933,"195 Hanson Overpass
New Carolynberg, RI 53669"
352,2ad548cd-a899-4992-972b-92cde9cea8f1,"20643 Rice Fords
Bethshire, CO 85308"
353,ffdb3615-516c-422f-aa24-a137e3027d3a,"833 Erik Forest
Michaelberg, NY 91180"
354,31ff6616-c1dc-4b9a-8091-0b4d0cac25b1,"521 Wagner Cliff
Dianefurt, WY 33795"
355,c924f935-cff8-45c0-b4b7-5ed2c6cdaac8,"5436 Barry Forges
South Elizabethburgh, ID 73937"
356,941db1b1-270d-47f8-8a96-43f5a7481f03,"70091 Davis Spurs
New Georgeborough, TX 29949"
357,e8849148-1482-4926-9f28-a537630b9ba2,"89108 Shannon Terrace
West Robert, DE 18285"
358,b7e4b060-7b74-408f-b7d7-67a5e1dbfce3,"11587 Harris Glens Suite 320
South Rodneyhaven, NY 26221"
359,5870e611-6218-48e1-a9a0-ba86fe5598f7,"858 Wilson Throughway
Lake Craigburgh, CA 21543"
360,241d5c6e-06c7-491b-b23e-f8d6ddc0240a,"8688 Austin Fork Suite 912
East Brittanyville, WV 82339"
361,f73a01fe-444d-4b94-8d0e-4ec2cb97495b,"23112 Lawson Landing Suite 505
Randallview, CO 46124"
362,56e65b5b-e1b4-4f67-b596-e75bf103783b,"989 Michelle Rapids Apt. 826
New Alyssabury, AK 36821"
363,4027aa31-4bda-4e1d-92f7-49de962e8da9,"93081 Martinez Estate Suite 892
Harmonville, MO 67397"
364,2546684f-0387-4c46-b19b-9a5ddb2ef221,"9062 Janice Fords Suite 579
Taraside, MT 20707"
365,93dd80c0-4ff2-42ed-9949-1621b0a68c63,"Unit 1015 Box 5864
DPO AA 10815"
366,4bc62825-3109-4796-9465-1bf853165347,"287 Harris Common Suite 990
Emilyburgh, AK 56009"
367,ef147ea5-9696-44d5-b6c2-a43f62fd8ce2,"927 Sanders Port
Owensville, AL 42282"
368,f5d9a26e-986d-4d8e-a1c9-69493fb64736,"9025 Karen Springs
Esparzaton, CA 98219"
369,a540d720-b44a-4d3d-9643-e12bca77d1f3,"287 Jessica Forge Apt. 180
Walkerhaven, OH 36424"
370,ce7c338c-cad4-408f-895b-510ca73a388b,"64510 Howard Fork
West Samantha, GA 83833"
371,4793cc6d-be60-42cc-bfd4-7ce8fd4d0eab,"737 Frederick Squares Suite 479
East Tiffanyhaven, RI 58805"
372,38cceae3-14e0-49bb-8087-f6f210a2053a,"4415 Valencia Summit Apt. 220
South Kimberly, MA 71559"
373,ddc4db8e-0000-48c4-8fdb-d32af87fb823,"90239 Mckay Crossroad
Roberthaven, SC 74994"
374,7f8ef27a-73f4-4bc1-aa62-f8aaea817294,"118 Rodney Pine Suite 445
Port Jeffrey, MS 16199"
375,db392b86-6ba5-4a9b-933a-a2553488bb62,"3477 Joseph Trail
Thomasview, CA 55294"
376,66663a0d-856f-487f-a2a2-258af21ab3e5,"489 Jackson Plaza Apt. 346
Port Nicoleshire, CT 86594"
377,3f218ab6-a288-4ee8-affc-3d02a9cbff5f,"066 Shane Trail Apt. 030
Port John, NE 90720"
378,cbc99939-e6a6-4269-9819-bffce6f38751,"41768 Hannah Canyon Apt. 170
North Ann, MN 10765"
379,e69d9ade-20e5-4e31-bc70-5a46556c530f,"Unit 7564 Box 1230
DPO AP 95924"
380,f8926cfa-7036-4929-b5db-925c26daea1a,"03671 Luis Heights
Mccannborough, MO 45292"
381,cab84c6a-e342-43ab-85a1-9c6ac1e93bac,"360 Nathan Oval
South Jonathon, MT 55707"
382,54729154-eb5c-413a-8837-887365057910,"USS Thomas
FPO AA 04495"
383,d3aa94aa-3e81-49e4-915a-d269e4f42f29,"816 Yang Wall Suite 778
East Andrew, SC 48958"
384,a4fd7920-9edf-4930-84bd-7a38b3bf9cec,"03829 Matthew Hollow
Lake Matthewland, KY 72330"
385,e2377b94-f06a-49ed-a266-377c4b07e980,"68303 Carrillo Walk
Donnaland, IN 25450"
386,beb1f34e-7870-46d6-9fc7-2e12eb83ce43,"Unit 3999 Box 7280
DPO AP 36681"
387,5b62e10e-3c19-4d28-a57c-e9bdc3d6758d,"Unit 3930 Box 4373
DPO AP 90809"
388,89572273-761e-46f3-8b99-1689d98aac90,"Unit 8924 Box 8191
DPO AP 75694"
389,6178d76a-af2e-4453-93ee-02ca23ed3fdc,"PSC 7480, Box 4771
APO AE 82831"
390,b3a84639-5a4f-4c97-8ea8-2ac49882e27a,"1992 Christopher Forks Apt. 487
Beckyborough, ME 48970"
391,274ac4ac-395a-4f70-90e5-9771ac3db11b,"588 Michael Road
Lake Larryberg, MD 40485"
392,de1d478e-3552-4223-b039-d3086cc485ec,"8748 Lewis Via Suite 013
Robertfort, TN 84094"
393,10f311c3-f547-4260-8c0e-a155008b7936,"023 Joshua Mountains Apt. 952
Port Stephanie, NY 87638"
394,b0c22f82-b882-4394-bf27-6dfadf26e5c2,"6520 Mary Bridge Suite 490
North Juliashire, UT 32383"
395,8abcf667-7be3-439f-97bb-3375a3de366c,"0709 Wood Glens
South Jessica, SD 13655"
396,3d13e0d3-e765-4065-9221-3f864689b9e0,"56558 Morales Neck Apt. 243
Port Sherylhaven, OK 55241"
397,b473e898-b7b0-4a57-959d-484bf4cc4483,"319 Michael Village
West Sherrihaven, WI 75916"
398,a94a7d87-65df-4c21-847a-0e8af6cb5c02,"4831 Robert Inlet Apt. 480
Bradleychester, SD 24116"
399,6eb62858-f6f3-4846-8054-52df483979de,"89496 Webster Road Apt. 848
West Meganshire, OK 40892"
400,fc709c94-7491-4753-ad53-dfee49823a2f,"72333 Joy Dale
North Brandon, MN 60449"
401,9fbae7e6-65a9-4753-8db9-5f7855b6a540,"931 Martinez Walk Apt. 141
Lake Cherylborough, WV 85477"
402,b596e7d8-dd3f-4125-8b99-4bf2283657cd,"093 Jessica Hollow
East Robert, MO 02206"
403,58fc0c8b-f669-4ee3-9a92-6d4290d85277,"5619 Floyd Stream Suite 948
Pruittmouth, WA 61597"
404,2941011b-f214-4430-8a14-e791ed0805bb,"1211 Scott Square
Josephmouth, MI 42469"
405,104c4dcb-70d5-4d87-b5b5-8b67205891fe,"8332 Timothy Run Apt. 980
Martinfurt, NY 85874"
406,c8145b49-3841-466e-9d49-a636ce2e7d1f,"0702 Jones Village Suite 219
South Rhondabury, WA 14290"
407,bb987a93-cd4f-4b6b-8691-0997ff8a8ce8,"62549 Turner Plaza
North Courtney, DC 46366"
408,2ef20e99-8be8-4ab6-a817-83991f7a0fa3,"7813 David Lights
Riceton, MI 36593"
409,34fcadd6-fa9b-4404-981a-c70c86cde556,"Unit 6479 Box 6124
DPO AE 50619"
410,de050611-e926-43bb-b1ea-502d8bd25bfc,"8912 Katherine Plaza
Port Jenna, VA 59860"
411,41cd692a-be3c-4acd-a2c8-184586bdc180,"755 John Wells
Lake Kimberly, AL 50065"
412,596342af-6379-4551-8379-f4b805f9d576,"242 Robinson Fields Suite 501
Goodstad, OH 93845"
413,ade9db41-034e-4b27-befb-42117025dab0,"8206 Wheeler Cape Suite 841
New Alexis, MT 62531"
414,5fbf758a-376b-472c-8aca-a87ff1db3e6d,"32657 Williams Estate
North Richardburgh, UT 13023"
415,15c2ba5b-eeb6-4d9b-a0e2-7d5461a21c0a,"92743 Colleen Isle Apt. 112
Nicholsview, NJ 76127"
416,a483c273-aee5-44bc-883e-d6963157aa4c,"9200 Gamble Brooks
Davidberg, WI 96602"
417,561b08d6-1084-4115-933d-db3e60edfd8b,"88245 Alexander Road
Garnertown, MD 84931"
418,c43c2351-9591-4122-acdd-b521723d7292,"0065 Conner Falls Apt. 432
Billyton, MD 48708"
419,1879b698-1639-438e-a07e-ddd735f8d57c,"3728 David Station Suite 760
East Joshuaview, PA 21804"
420,94bf7864-a52e-405e-a729-9702bf79c234,"285 Robertson Trail Apt. 317
Lindastad, VT 81128"
421,bec3a622-1373-49c2-9d57-e0281c34f5cf,"376 Joshua Port
Port Tracyborough, CA 54430"
422,e6a52b6a-20ec-4b09-bbb7-4a1138014985,"210 Jessica Falls Apt. 733
Josephton, DC 18690"
423,2129de92-ee91-425f-a854-07c553ee0b74,"USNV Newman
FPO AE 24533"
424,f3eb7ee0-7788-43a0-9686-1c399260b17e,"08535 Johnson Springs
New Kevinstad, IN 80720"
425,aab5b5d2-682b-4b27-89ae-cf7803f76786,"782 Jack Lodge Apt. 060
Browntown, HI 75958"
426,571d7193-a3e6-4909-b25c-e891fc126f31,"346 Cruz Street
Wintershaven, IN 76589"
427,f2a3b679-edc8-4b0e-9793-995ef2e100f2,"63468 Zuniga Island Suite 058
Hillbury, NY 22177"
428,4fe420fa-a193-4408-bd5d-62a020233609,"39270 Linda Wall Apt. 032
Jonesburgh, AZ 55032"
429,57617bf3-b7d0-49cb-8d88-7d8346656397,"5969 Brian Dale
Lopezbury, NY 43477"
430,ba55c3a8-5ab2-486a-8c90-b972117453bb,"870 Catherine Crescent
Jesusland, ID 53207"
431,b9bcd994-f000-4f6b-87fc-caae08acfaa1,"69010 Clark Tunnel
Andrewhaven, OK 11456"
432,1ff398e4-6b68-451d-9b00-2d2a565ba22a,"87079 Cross Extension Suite 431
New Davidtown, ID 06080"
433,70848bd7-6cd5-4686-b22b-a9afb05541a5,"57117 Black Shoals Apt. 211
Katherineview, RI 58972"
434,8298747d-33c8-441c-9c5a-a6cf648c95d8,"22016 Estes Square Apt. 179
New Ericberg, LA 25809"
435,71519e2e-6e97-4b73-a346-cc3a91cb4661,"5465 Stefanie Prairie Apt. 420
Lake Judy, CA 54311"
436,69f2735b-eee6-4fc1-a934-b31c20beb780,"4803 Vanessa Forks
Ballstad, PA 29187"
437,306662a5-e17a-44a4-bb67-cc858ae1dccd,"965 Collier Square
Amymouth, NJ 27055"
438,939dbcf5-024b-4e63-9e7e-2f15c8b346ba,"5595 Acevedo Lodge
Markmouth, NJ 03458"
439,3a752edf-f723-46a5-bffb-4a9ed6475546,"5880 Julie Road
West Holly, AZ 85825"
440,766886c9-a63a-4446-bb4a-07d611b3b212,"7406 Ray Ports
East Adamview, CA 79808"
441,8c9c5ee7-9c8c-4842-bbd1-1d1e51da8164,"USNV Cole
FPO AA 11574"
442,f46eee2a-6024-4046-a6f4-5232366edb87,"USCGC Wang
FPO AP 92458"
443,052faed2-37ac-4a2c-ba6f-2657322e4fa5,"93322 Marc Meadows
West Christina, OK 19087"
444,4edc3d1a-a7d9-4db6-89c3-f784d9954172,"958 Dalton Turnpike Apt. 529
Morenoland, ND 30458"
445,23a48585-f2cf-4a20-8d30-f49361d5625c,"USS Henry
FPO AE 30895"
446,2019ba88-1967-43e6-9710-b17ade18afb3,"341 Brandon Ford
West Christineton, ME 06206"
447,55380131-13c6-4a5c-8826-ead0ea8895cc,"0005 Gary Terrace Suite 782
New Brandonton, TX 22928"
448,b1954833-b6a5-4c6c-9709-80686b7768c4,"5371 Hodges Fords Apt. 787
Hicksmouth, WY 94020"
449,34e8add9-0206-47fd-a501-037b994650a2,"30254 Gregory Canyon Suite 734
West Sarah, MT 91811"
450,1ea3d5d6-7e6d-4554-b31d-ea31dc2150f9,"568 Bryant Square Suite 312
South William, CA 05838"
451,4cbd005f-69d5-4a83-9947-7009f69c0e7d,"00903 Lynn Place Apt. 835
Juanstad, MD 22409"
452,cb97b0ea-fc93-4597-b391-846710c6fedc,"196 Claire Radial
Lake Jacobstad, MD 36343"
453,a5c65404-5894-4b87-82f2-d787cbee86b4,"PSC 8837, Box 6590
APO AE 71776"
454,108fc1be-9c15-440a-9cab-634c3f414dcc,"5969 Bond Plaza
Carlburgh, SD 76175"
455,83f8edc6-90b1-4f96-a80b-d6aa74103610,"087 Gloria Walks Apt. 513
South Abigailchester, NV 52268"
456,f11e8adf-a550-4e7a-ab81-dbccd952dff8,"343 Julia Landing
Dominiquetown, OH 88073"
457,4fe1900d-5e78-41a3-88ed-18e6889c6c77,"325 Jennifer Brook
Alyssamouth, TN 32854"
458,f25dc445-de4a-47ee-92a4-0ff29c56656d,"573 Sanders Parkways
New Lindashire, ND 17440"
459,007a1366-a46f-40f1-9ba5-01245aeaf20f,"3156 Robinson Station
South Matthew, NE 96918"
460,fd4da61a-5102-4311-8b9f-2ec57bfac6b1,"20641 Turner Causeway
Robertville, MT 44649"
461,542041fb-f361-4353-b0f0-442c1585317a,"910 Stephen Square
Weaverchester, RI 60451"
462,f86853a2-acda-4319-a50c-03f014248042,"18913 Curtis Union
Perrystad, LA 97749"
463,d2e48a3d-aeca-4b36-8550-f8cbb10d09b8,"565 Rogers Gardens Suite 613
East Kevin, CT 42190"
464,3eb6dad3-c017-4e77-8920-fbdea84b0acc,"490 Jessica Radial
Lake Connorton, CT 69222"
465,4c0558bc-b0d9-44b0-8b70-5fc6acb6c362,"45078 Darrell Prairie
Lake Amanda, MT 73755"
466,b8c653b5-0118-4d7e-9bde-07c2de90f0ff,"625 George Vista Suite 798
Port Leroymouth, IN 75442"
467,9bbcd241-2de4-4a55-a3fe-2292cfbdc11c,"USNV Wright
FPO AA 24117"
468,0ce03276-e538-4c96-bcae-9844fb0628ac,"49322 Valdez Creek
New Christineton, WI 36487"
469,7240bf9b-7424-4c04-aab1-1d7aa39964d9,"727 Sarah Trail
Christineburgh, NM 22196"
470,7d8c8c77-77a8-4743-b35f-349c0ac07866,"943 Wilson Fields Apt. 509
Williamston, MO 37340"
471,9664d628-9163-4aae-94e0-311f3bdb2f11,"73298 Osborne Mountain
Tuckerfort, WV 57942"
472,c1c53b8c-b6a8-4343-a369-4a0595a97807,"18871 Doyle Square Apt. 062
Wrightport, SC 56127"
473,f7785ec1-7383-4815-8206-80de7c05fdf9,"16530 Vincent Station
North Christina, MA 49269"
474,d47fd6cf-20fa-45fe-97a1-b8aca043c9a8,"50989 Maria Port
East Marissa, ME 50294"
475,23cc47ff-e5cd-4915-828d-258aefce5a14,"19372 Blake Ranch Suite 419
New Danielborough, VA 97870"
476,5d04455b-a95e-40d8-bcd4-8c485777c47f,"987 Villanueva Common
South Patrickburgh, NE 86817"
477,d56c9d87-7d56-4a5e-a0e8-bbc4ddc3242c,"Unit 2884 Box 7963
DPO AE 42637"
478,2dd186bb-7a28-4e80-99c7-f1936afc7b49,"473 Ronald Manor
East Olivia, ME 99898"
479,317c70d5-fe65-4663-afb1-150108e0e55c,"2227 Jesse Plaza Suite 997
Webbland, MS 23476"
480,acfcd174-178c-4af3-8118-5be702fb80cf,"03255 Jordan Route Apt. 919
Nicholasbury, SC 51073"
481,953cb190-5704-4926-adc2-057c6f3e3cb4,"3155 Kristy Forest Apt. 783
East Aliciaside, NJ 76888"
482,a81378a5-58de-4631-b2b1-3eca765f68c6,"2004 Chelsea Port
Amandatown, ID 77468"
483,1d8dfb6a-330c-4eb9-a603-364f207c6e57,"01026 Margaret Rapid Apt. 728
Lake Martinburgh, MS 06268"
484,26c9a1fc-78b0-460b-8931-cec1dc87aa0d,"667 Megan Plaza Suite 327
South Pamelaland, ND 47212"
485,054b5d2a-7ee3-49c8-912a-1cf58389ae60,"31352 Alan Vista
New Amyshire, ND 40158"
486,77a7b81e-96f7-4e5a-92c7-5b07f7333913,"308 Joanna Fort
South Nicholasfort, AZ 95072"
487,04e52602-e370-4a99-bfda-f0c1655058da,"USNV Lee
FPO AP 28828"
488,fdbaec82-bc98-47b8-8fe6-4aec7524e8e3,"6361 Paula Summit Suite 040
North Marytown, TN 78911"
489,84bd5adb-286c-429a-926d-4ea120270825,"20737 Tanya Ranch Apt. 500
South Raymond, FL 93608"
490,b7fb2028-4cfc-440b-a1b1-4101f12f7abe,"00059 Christina Tunnel
Blakefort, VA 87906"
491,07061727-dc05-4411-ab78-79f95b1869a9,"6846 Jennifer Court
South Christophershire, OR 42839"
492,5b3b843e-7c66-4eac-82b6-8d6f7a19277c,"35598 Whitehead Plains
Robinland, AL 05689"
493,d0ea9a00-4ea9-4c81-b16a-a20b72f824ea,"USS Dawson
FPO AA 46857"
494,7246fed1-8725-4dbb-bccd-5451346f122d,"617 Douglas Turnpike
East Rebeccashire, WI 48819"
495,1f7e22c8-558a-4b6f-a04f-b219593f029e,"710 Tiffany Knoll Suite 379
Carterport, HI 44352"
496,0d47a133-383b-4a9c-976c-697ac65ccb19,"61708 Terri Walks Suite 867
East Dylan, MD 80914"
497,db0066e1-83cc-43f3-990b-983010aa5370,"1944 Gonzalez Cove
South Jason, SD 65716"
498,d6204684-926d-41db-ae9c-a7bf2e76313a,"41287 Miller Isle
Tylermouth, VT 38540"
499,07f4dcd0-2bf3-4f21-9da3-b054b511ae00,"51539 Sullivan Extensions Apt. 265
South Travisland, FL 73790"
