,User ID,Name,Email
0,4c731e48-0377-4d7d-b4c8-b2174b774ed8,Gary Hill,GHbnuothhymw
1,95258c36-5b6b-4591-85ee-0c43f503c1d5,Michael Deering,MD@gmail.com
2,a8229d24-f219-4930-a382-24049a8f73bb,Richard Bain,RB@gmail.com
3,8f41c07f-db4f-44f3-ae81-1f99cee047eb,Kristi Mccarthy,KM@gmail.com
4,3af8d78b-55c4-4ac0-8161-7cc3f6ec11c9,Betty Ellis,BE@gmail.com
5,2bd9c167-e06c-47c1-a978-3403d6724606,Hazel Neville,HN@gmail.com
6,7dd7dec0-5758-4a6e-a7dd-27a20e57c757,Kathryn Henderson,KH@gmail.com
7,f62c96d8-5b1e-45c6-8a65-b36a9387827d,Charles Pennington,CP@gmail.com
8,22056f9e-4654-44e9-930d-2fabdeb80f95,Chester Smith,CS@gmail.com
9,30a7de62-d6a1-47d6-963f-0724adf18c4b,Debbie Stanton,DS@gmail.com
10,c7b6e374-1bef-48c3-8222-cc231dbd5cce,Justin Hooper,JH@gmail.com
11,eff1e86a-8ede-4a41-818b-9442e3181ee3,Eva Brown,EB@gmail.com
12,346174b1-4661-4cdd-8c47-66dbd013cd56,William Christensen,WC@gmail.com
13,0f1f6aef-b094-4b4d-b6b6-412ebc42c12b,Daniel Beede,DB@gmail.com
14,0828c4e1-63ec-4121-aa07-eefd37954bb9,Violet Thomas,VT@gmail.com
15,8665a934-dc22-482b-9289-2e2c9d6a4095,Gavin Anderson,GA@gmail.com
16,d4dc38d4-5c80-428f-95da-b746a275531c,Timothy Martin,TM@gmail.com
17,5ff89fb3-b364-494f-b62d-07097b2ffa12,Suzanne Campbell,SC@gmail.com
18,bbef3be1-172e-44bb-be3b-013140707ecf,Marie Laflam,ML@gmail.com
19,fb4654ff-ce23-4a77-b52a-50f8948b5664,Jo Pearson,JP@gmail.com
20,77908afa-eff6-49a9-b042-04fff799a0ff,Diane Hall,DH@gmail.com
21,26c6734f-42b6-48f8-a08e-e1c3a79019d0,Kerry Flores,KF@gmail.com
22,41b0ee09-2868-4c4b-a22d-b533a7fa46af,Cristi Miller,CM@gmail.com
23,2ab641a8-6ad4-4d1a-8511-d87ff5346773,Kathy Johnson,KJ@gmail.com
24,da97952a-2eba-46c4-a19e-3df3c40a1524,Rhoda Lopez,RL@gmail.com
25,92c3576c-8634-42a8-8005-6e1ff8c207e8,Patrick Ponce,PP@gmail.com
26,a1a9c0bd-785a-478f-a19e-9eb48fae0bd6,Amanda Price,AP@gmail.com
27,e8493c32-7f6f-4e57-a691-cf0df6f015c9,Elizabeth Holmes,EH@gmail.com
28,aa71ef91-252d-4c99-92ad-cf617f09fced,Rose Cook,RC@gmail.com
29,dcc6000c-ba92-472c-8bc1-9e9ca30b475b,Randal Davis,RD@gmail.com
30,9ce133df-bd87-4559-96d7-a402add824ca,Yen Bruton,YB@gmail.com
31,63e07d14-7bed-44b8-9cf0-4a7e9b2a99ea,Bonnie Castillo,BC@gmail.com
32,a559688e-3f10-436f-a25e-8ad553eacb89,Kari Jones,KJ@gmail.com
33,3c45659f-e24d-4b0d-8210-0b7704ea1ac6,Mary Judge,MJ@gmail.com
34,2aae6657-1214-4119-8cde-6b0dc5cd5529,Christopher Gipson,CG@gmail.com
35,002cd824-10f2-447c-8d1c-940325a1cdf4,Deborah Eastes,DE@gmail.com
36,0c347562-ce55-450b-91ab-0707662b36f5,Julia Rivera,JR@gmail.com
37,b143cd2b-20b1-4e9c-9bb7-cfb359b33d01,Judy Cobbley,JC@gmail.com
38,3f2d07e5-3604-4873-9737-bb44340773d8,Shawn Landau,SL@gmail.com
39,7918d465-0953-4f20-9e28-539e74c82e2f,Lesley Franich,LF@gmail.com
40,9e9c6089-692f-406c-afee-50f62c127e9d,Brandon Portillo,BPssplwxufql
41,fd7396b2-a18b-449c-b326-e676aebd7776,Douglas Colon,DC@gmail.com
42,9dcb5fd8-9e7f-40d3-bd1d-edf33ecf6388,Jorge Oglesby,JO@gmail.com
43,dab237a2-dcc9-4322-a9b6-b2d16ee38c78,Raymond Whitley,RW@gmail.com
44,1932a904-86ba-4438-bb52-b7e6516a4019,Louise Laramore,LL@gmail.com
45,877ce8ba-564f-4b86-9cdc-94a93d9a7997,Javier Johnson,JJ@gmail.com
46,7d624010-a0e7-455b-a606-48c5c467dd80,Larry Mcgee,LM@gmail.com
47,0871bb31-3d6e-4e4c-ab19-95a262cac0d4,Jose Pankratz,JP@gmail.com
48,f9ecf6a2-8402-43b3-bf22-8cd54394ea02,David Pujols,DP@gmail.com
49,132b1407-16fa-48f8-8112-3e426974bbb7,Leonard Lavigne,LL@gmail.com
50,b9480379-4b96-412c-8dca-96fff9ae81a3,Everett Vance,EV@gmail.com
51,fe15963d-0a77-4247-9bc6-04e146b826b2,Gary Scott,GS@gmail.com
52,69527334-c362-47df-87fc-5e2b5e2605e5,Gilbert Faire,GF@gmail.com
53,6e98e5c2-b7d7-4915-bb20-d01a42d29dee,William Cunningham,WC@gmail.com
54,90e2caab-9daa-4bf0-8104-c25e6c70c59d,Kecia Jensen,KJ@gmail.com
55,43dc107a-bd3f-4cfe-96f7-8d17ca485bc2,Ernest Pangallo,EP@gmail.com
56,85a3acae-0e71-49f4-a6ee-13d3df1f4962,John Neal,JN@gmail.com
57,4cff698b-def1-497c-a78e-75058de67fe8,Sarah Lococo,SL@gmail.com
58,5ffd8b51-164e-47e2-885e-8b8c46eb63ed,Ruth Nemoede,RN@gmail.com
59,95023c1b-04b7-4efd-ab34-61a4a70bb9d8,Arthur Wittmer,AW@gmail.com
60,2026ccb6-77b2-494c-9b6b-a5d32aa86776,James Pao,JP@gmail.com
61,ad9f5c2f-aa30-4baf-b084-56b1a4b63b09,Roberta Harris,RH@gmail.com
62,7bf3ce80-784e-42a0-b06a-dbbd1e31a9b7,Norma George,NG@gmail.com
63,92b87fa5-f271-43e0-af66-84fac21052e6,Myrtis Clark,MC@gmail.com
64,ed1c744d-8561-4b41-b83c-7bf554fbca97,Martha Heaps,MH@gmail.com
65,e8c9386c-8fbc-40cc-9587-ccb912ec5c10,Maryann Gillis,MG@gmail.com
66,df1e7940-d514-40aa-af3a-e742792c4b5e,William Schoen,WS@gmail.com
67,6e9c7f30-264a-4aa0-b3ac-36e852d10906,Linda Zettlemoyer,LZ@gmail.com
68,69fcad9e-45a9-4189-b7e1-96b26c57c542,Norbert Hudnell,NH@gmail.com
69,094fbe49-da84-4445-9d28-7fc5f593f5ad,Susan Dodd,SD@gmail.com
70,ec2729db-9794-466e-93ba-a19402e16bef,Johnny Nghe,JN@gmail.com
71,ddd079a8-00dd-4aab-9551-11961171db16,Edward Kettler,EK@gmail.com
72,d97f6964-a2d4-4d55-8f3d-5b4aac2f569f,Erin Stanley,ES@gmail.com
73,9ed68c70-13fd-4346-808f-2665943c46d6,Maritza Kahola,MK@gmail.com
74,9b6d35f9-5e15-4cd0-a8d7-b1f3340e02c4,Donna Valdovinos,DV@gmail.com
75,6fd58dea-315a-4ab2-8023-424a6ff455cd,Elaine Brown,EB@gmail.com
76,35d6a1f3-e358-4d4b-8074-05f3b7f35c2a,Oscar Gilman,OG@gmail.com
77,e3417115-6e56-4f55-a4ae-70353582a8c4,John Polsgrove,JP@gmail.com
78,9d0a0b94-b081-40d7-bf56-6f8f4750dbaf,Raymond Wander,RW@gmail.com
79,29ba1f29-2e45-41bd-9c43-05d0dae6c1c6,Katherine Riffle,KR@gmail.com
80,0c5b0547-820a-4beb-832e-3162f74ccfa7,Rebecca Morrison,RMnemqyjpmju
81,48e26178-5cdd-4568-9990-d3bc5937910b,Benjamin Baker,BB@gmail.com
82,40e643fb-369c-4ecb-beb7-810114f331fa,William Haynes,WH@gmail.com
83,8fe167eb-3c69-459a-b32d-b030b942eab4,Alison Brady,AB@gmail.com
84,0a1cde57-79ab-4c61-b664-1d3b290b43cf,Tara Cruz,TC@gmail.com
85,6ecb39b1-8f85-44f1-b2f3-0cffcba4d731,Clifford Hebert,CH@gmail.com
86,b6d04982-1509-41ab-a700-b390d6cb4d02,Michelle Limerick,ML@gmail.com
87,d55f3314-96cc-4a5d-b650-f43f094cd3c3,Ruben Herring,RH@gmail.com
88,7b7b5825-2ae1-4119-99a7-e638f13267a0,Raymond Schmidt,RS@gmail.com
89,f182f7d5-e202-4e89-832e-02205dd2ff02,Alice Oh,AO@gmail.com
90,03e3a23a-a77a-41da-9ecd-3f2ff9e5bc90,Ann Becker,AB@gmail.com
91,98411adf-cfc0-400d-aac8-e215571ef3f2,Ida Cantu,IC@gmail.com
92,4607d7b0-3313-49b8-9f73-5b8227fc5b67,Jason Roberts,JR@gmail.com
93,1798905d-6c3a-4e5d-a9d1-ce429b1260d7,Billy Alberts,BA@gmail.com
94,08c64787-e47b-4a7f-b00b-5590eb5fbc3a,Sun Edwards,SE@gmail.com
95,2af7f476-41b6-4147-aac7-0bbcb5043895,Thomas Goehner,TG@gmail.com
96,64b33556-9ecf-4ebc-8b4c-f829ab1a4881,Michael Tuite,MT@gmail.com
97,e89d4cb0-3bec-43b8-8060-719983fe68a9,Steven Jones,SJ@gmail.com
98,69532ce2-1ffe-4187-8042-0230d115b24e,Daryl Owens,DO@gmail.com
99,427fa55b-7f49-4981-bcd7-59fee8efb512,Perry North,PN@gmail.com
100,1582dac6-ebec-43ed-a34a-1a202ca72627,Marguerite Mccoy,MM@gmail.com
101,48e834aa-fd4a-4206-93e8-ac8fdac613bc,Marc Reed,MR@gmail.com
102,48bed4d7-0329-472c-96d9-b23a103eb834,Mark Henderson,MH@gmail.com
103,ad4bd878-55e7-487c-a4db-470b23bbd832,Eva Lollar,EL@gmail.com
104,1e571af5-1796-424c-b744-a925897d44a3,Wanda Gross,WG@gmail.com
105,ae600af5-c1f0-4b1f-adb0-1b4c246373e4,Joseph Mills,JM@gmail.com
106,2f112802-2501-45b5-a9d9-470cda6ef23e,Laverne Jones,LJ@gmail.com
107,d74e1b39-7b34-4bcb-a24d-e215097187f5,Sandra Hoff,SH@gmail.com
108,7000ac2e-87a0-4e23-b342-5f150e03f9ef,Gerald Travis,GT@gmail.com
109,b76ebf8d-3f04-4e7f-aec8-22575f68d9e2,Michael Deltoro,MD@gmail.com
110,80c36ce2-2cef-4a47-a563-d2a60a2b1825,James Bradley,JB@gmail.com
111,bfe23c39-f814-4282-b0f7-506cd8295b8a,Lisa Kreiter,LK@gmail.com
112,a6e32004-8866-40e5-aaeb-e159c13fd42a,Ruth Wilkins,RW@gmail.com
113,cafa0d07-63be-4b5b-bc7f-c4f4091d403d,Eleanor Reyes,ER@gmail.com
114,ae4eaf32-9db8-457d-ad58-1c4fad4b7eff,Guy Johnson,GJ@gmail.com
115,b841358a-d8ff-412e-b940-3a95fd31291b,John Arnaud,JA@gmail.com
116,1a1be722-70b0-47e0-a737-1700cffa1e6d,Alan Rodriguez,AR@gmail.com
117,4291e9a9-b4a8-42e1-b032-520b16f93888,Taylor Webster,TW@gmail.com
118,05782669-264e-4c14-990e-14c8dbb13bef,Jerrie Criswell,JC@gmail.com
119,15cf4392-8541-422b-8957-a9c0380c11d9,Matthew Henning,MH@gmail.com
120,75ef996f-dee4-47d9-87e2-9b58ebd76ff0,Sharon Bishop,SBhcjcholecn
121,78703a69-8edc-458f-b0fc-85d96501dcdc,Patrick Dahlman,PD@gmail.com
122,76cb4dbe-7748-49ab-8179-6e3f3b840dd6,Helen Shull,HS@gmail.com
123,5d33137a-3306-4d5f-8ab1-48d2446a12b0,Raymond Smith,RS@gmail.com
124,e43acf25-fcfb-4dbf-bc8c-ccbe16c329e7,Lloyd Golden,LG@gmail.com
125,e32722f4-69b1-4aff-b13b-8928ea08fd6a,Margaret Spiro,MS@gmail.com
126,bcdf88dc-2a52-4716-bc24-a1b46040c8ce,Edwin Raley,ER@gmail.com
127,fa3e42f0-71d8-455f-b024-e52d5c27a145,Dayna Walton,DW@gmail.com
128,33c1cee6-ae56-4f8e-84fc-ee0a4b7bbf4c,Jenny Young,JY@gmail.com
129,cf34e8ee-f508-47bc-baa1-bcc576e1084d,Nicholas Nickerson,NN@gmail.com
130,2a41e628-4cc5-4765-af2e-8b3dec750c0b,Ann Jarvi,AJ@gmail.com
131,bf970f55-66c1-402d-a5d7-f086421516c9,Gertrude Heaps,GH@gmail.com
132,a6133f47-5586-434e-8be1-1e7122db1c0e,Lisa Kemp,LK@gmail.com
133,11f207c2-0113-47e5-aa9a-df2c7b91ac75,Johnnie Root,JR@gmail.com
134,56b8948a-68bd-425f-b842-eabe6bcfacca,Wanda Perry,WP@gmail.com
135,8b49caad-bcc5-43de-bf40-34a66ff8805c,James Phillips,JP@gmail.com
136,8f3d5674-544d-4f70-b4c1-7b9d93371855,John Rancourt,JR@gmail.com
137,d27670c9-f85e-43e0-80a7-122cba908f10,Douglas Jones,DJ@gmail.com
138,18c56602-937e-4ff3-bc6c-43f0b14212ca,Boyd Prince,BP@gmail.com
139,e79a2e98-57b4-4469-8da4-87f338460d42,Gilbert Griffin,GG@gmail.com
140,a8d09ab9-44c6-493c-afdf-93888822a4b0,Brady Novak,BN@gmail.com
141,3956593b-7739-426a-b7a5-e841c95a5df9,Richard Uhlig,RU@gmail.com
142,49f49bcf-17fe-4edd-990d-16c3d1df931b,Melvin Powell,MP@gmail.com
143,95f4bf3f-7eb7-429a-9f48-0f7cbdf0beaa,Kenneth Elder,KE@gmail.com
144,568e7c6f-b1e9-4a85-897c-aaaaa0ce8832,Orlando Sapp,OS@gmail.com
145,4dc7482d-e44b-47cc-bc27-7bf663497997,Rachel Taylor,RT@gmail.com
146,85eca06e-b8db-4fd9-b083-da47572c40b2,Kenneth Frye,KF@gmail.com
147,d71363d5-6468-44b0-b641-94c4776bce98,Mary Cox,MC@gmail.com
148,1ebc46fa-edd3-4dec-bb45-c124daf83512,Robert Mierzejewski,RM@gmail.com
149,91bec0ab-a8d4-421e-b333-e511c7c6f9a0,Shela Phifer,SP@gmail.com
150,9bb5d084-0b28-4352-8591-5b5a4efecdf0,Robert Bijou,RB@gmail.com
151,dbacabf8-7ebd-4f22-a261-59d8dad306f1,Maxine Wilson,MW@gmail.com
152,7a85fbc6-253f-4552-9f4a-c1a332e14fa5,Hazel Andrade,HA@gmail.com
153,9a5aca53-6263-485a-bf77-e60c4608fd26,Timothy Crum,TC@gmail.com
154,0c9ea4da-c609-4b08-ab44-1da0530ba364,Eugene Battaglia,EB@gmail.com
155,1f81cb56-5258-4f9e-ab2c-4dfb581b44cb,Dennis Salazar,DS@gmail.com
156,311d7214-711f-4f66-bc9a-e835fa54ffb6,Sandra Gutierrez,SG@gmail.com
157,109782f9-4141-4d5a-826f-9a4ea672f65b,Todd Veasey,TV@gmail.com
158,fe1c151b-1a95-43fa-9a4c-f3214adba852,Anthony Doty,AD@gmail.com
159,c76c3393-88e2-47b0-ac37-dc4f2053f5a5,Gabriel Chauvin,GC@gmail.com
160,49da0743-cb4d-4c84-b6a2-537bbe7256d1,Susan Homes,SHjcmuixgwni
161,acd90ee9-84cd-465e-88e3-f128dd0cc1da,Thomas Shoemaker,TS@gmail.com
162,f02267ef-8974-43f5-9a2f-03d2c8ec22ca,Gary Hines,GH@gmail.com
163,b0d6f088-ee97-4087-aeb1-4957f24a5f4d,Robert Ung,RU@gmail.com
164,6978b891-dea2-4217-8bc8-47d5aa25e743,Steven Taylor,ST@gmail.com
165,c880dbc5-8997-4f38-9055-c254b9133175,Lois Wallen,LW@gmail.com
166,33a8d02a-e255-4ffe-9d90-2df8c2914077,Krystal Pauling,KP@gmail.com
167,c64c5004-6ab5-4faa-9fcd-8039fe57799d,Jeffery Pedrick,JP@gmail.com
168,2c32ac39-926d-4473-801f-5733222ad74f,Jack Rennie,JR@gmail.com
169,06a8036a-6e4c-4b15-a6c8-ca74ac11ea73,Alyson Ellis,AE@gmail.com
170,fe37b2b4-ee09-4caf-aff5-fd15f6f083a1,Calvin Wilmoth,CW@gmail.com
171,e0e16358-f850-4085-bc5a-ed8e6a4b2ec1,Margaret Rivera,MR@gmail.com
172,289044c8-e74c-4814-898a-b3b5eba6e46e,Megan Keck,MK@gmail.com
173,a6668254-c779-424c-8c8b-1762bf45916e,Jerry Ashe,JA@gmail.com
174,cd5fd7db-8715-41b7-8f4a-11a65b638d8e,Jean Alegre,JA@gmail.com
175,31d378e7-9e95-4e8a-b564-7fd346027dfe,Kristina Pruett,KP@gmail.com
176,a58444bc-a23e-40a1-b09d-0f90bd5cd6b3,Maria Salas,MS@gmail.com
177,808f5b0d-17e3-44e1-b58e-7f35ebabaff2,Sommer Battles,SB@gmail.com
178,3663e3e6-3d5c-4ed9-a6af-1e680ec5f34b,Cordelia Reny,CR@gmail.com
179,68724f58-bc4d-4ab0-a4e1-60cdd5e95e7d,Harold Holbert,HH@gmail.com
180,54a8e072-5369-4122-9189-43b55e1a4ba2,Micheal Vargas,MV@gmail.com
181,987b33de-7307-48c1-b34a-6c6806d7af67,Juan Martel,JM@gmail.com
182,324e384a-9963-4d17-94aa-21859ea85062,George William,GW@gmail.com
183,85503a94-e733-486e-989e-12ff9b59f2d3,Doyle Miller,DM@gmail.com
184,8d3cd87d-8a31-4935-9a4f-b319bfe05f31,Laura Rodriguez,LR@gmail.com
185,4ce3f877-96ea-4a37-8107-1176126d9d97,Carmen Wynne,CW@gmail.com
186,8af596f3-c67c-4f40-a0cc-e258e730a8f5,Kenneth Meyn,KM@gmail.com
187,37867a23-d07b-4990-8fa8-d694cf7d3b1b,Kera Delarosa,KD@gmail.com
188,425b7021-0409-4358-af39-2bff14197d0a,Christa Thomas,CT@gmail.com
189,7719b807-bf22-4b36-8f69-44d9a87d239b,Myles Davis,MD@gmail.com
190,e377a5c2-0378-4684-b7d1-5d80e04243ed,Kim Ruiz,KR@gmail.com
191,9210e8dd-d2a2-4ea7-8cbd-f37e1e8efea5,Leroy Whitmore,LW@gmail.com
192,d51a3403-8bab-4d88-af4f-a429c6d8c168,Alan Rice,AR@gmail.com
193,a6f003be-b0fd-4100-b4cc-f568a21b9745,Antonia Pereira,AP@gmail.com
194,87026ce7-fd0b-4b57-9126-d4bae2c1ee0e,Michelle Phillips,MP@gmail.com
195,1ee25417-3648-4220-9b8f-fc82d1ef450c,Anne Carlson,AC@gmail.com
196,23483ddd-e43e-4c5f-a1b7-5392410aa8d1,Kristen Morin,KM@gmail.com
197,c07fd88f-9e7b-47eb-8477-8fcbffb7c5c8,Mary Stassi,MS@gmail.com
198,e57c1d53-11ce-4df6-bb4b-85647776fd6d,John Bayly,JB@gmail.com
199,624db443-c716-4227-ac84-a6f7c3a59162,Victor Chapmon,VC@gmail.com
200,4baf648a-0ad5-412d-8250-5a0ff9289fbf,Winnie Bonita,WBwvtnefwtig
201,ab9a4d70-3ae4-48d6-b161-c18bd687c3b4,Terry Huang,TH@gmail.com
202,caa8605b-5cd3-49d0-a680-2a6e9f3bf0a5,Katherine Robinson,KR@gmail.com
203,ed5e1675-94a8-482c-8b43-1b9bb71d0495,Brett Sandidge,BS@gmail.com
204,e206e31b-5f85-4964-b6ea-d7ee5324def1,Jennifer Bjorkman,JB@gmail.com
205,392bf6a1-dd73-48a5-9fd9-431749f2a8ef,Mary Hamby,MH@gmail.com
206,163daa38-8b77-48c9-9af6-37a6c1447ac2,Helen Tuttle,HT@gmail.com
207,583f2bde-886d-4cf3-a5c4-7cb60cd25df3,Alan Moskowitz,AM@gmail.com
208,d81dc9d9-a614-40f1-9dd4-7a4a05bac243,Oscar Murphy,OM@gmail.com
209,fe0e2711-bad0-4a0a-90fa-b2d9e8c773a8,Melvin Wright,MW@gmail.com
210,334e2fe8-6f2c-424c-8ed5-12c99f048722,Roberto Mcnair,RM@gmail.com
211,b726d35b-6345-4ed9-8431-fc75e38ba179,Frances Powell,FP@gmail.com
212,ce9b41f4-625e-4868-83d1-6b53767a8af5,Dewey Sibley,DS@gmail.com
213,1e6db00c-22dd-4ae9-80e3-95f7a88b18b8,Paul Wiese,PW@gmail.com
214,98511140-45c4-4faa-9962-fea5ad618ea3,Michael Villegas,MV@gmail.com
215,922d93a7-d56a-4e74-b1bf-1e7bab42dcc4,Alma Lema,AL@gmail.com
216,330ded4b-db65-485a-80a4-6b3bffd33067,Zoe Smith,ZS@gmail.com
217,f41d30f1-50c3-419c-a2d8-9043c7e568ca,George Hope,GH@gmail.com
218,79acce4b-b991-4a68-b762-d496686a4f32,Justin Tam,JT@gmail.com
219,3e65775b-36e4-495d-9c45-28127fb3da5f,Richard Seago,RS@gmail.com
220,d16ed6bf-d35e-463b-92b0-393ee67e220c,James Bakerville,JB@gmail.com
221,9be473d9-cfdf-4954-bae2-09b0555a8ebb,Elisabeth Stewart,ES@gmail.com
222,13f0db8a-152a-496f-a6e8-1ed6a90b8788,Erin Carroll,EC@gmail.com
223,ef56931b-540b-4166-9090-73ae48ac8d97,Lydia Page,LP@gmail.com
224,4bcb2c2e-36ed-4d5d-90a1-440993e9f6d2,John Emery,JE@gmail.com
225,a92660de-2154-4694-a86e-88cb81c8ea95,Sarah Alexander,SA@gmail.com
226,c1e01541-7508-4712-a22c-0370f232a41e,Jason Meehleder,JM@gmail.com
227,b1ceae0c-016d-421f-a6f0-488a7857f9f6,Amalia Young,AY@gmail.com
228,24789387-968b-425a-8836-14e243cda16c,Margaret Williams,MW@gmail.com
229,5c433d28-dfb7-4456-a468-dc3705147ce0,Kory Jacobs,KJ@gmail.com
230,ed3494e3-695b-4068-a725-09c6cdf92d63,Mozelle Alligood,MA@gmail.com
231,afab7336-04d3-45fe-8917-0327c56e7435,Angela Ivie,AI@gmail.com
232,89d6bd9d-ce6b-42e5-bb9b-ece3b338396d,Henry Landis,HL@gmail.com
233,948f7e9d-49bb-4770-bc9d-cb3fb65cca15,Ila Buck,IB@gmail.com
234,15e325b1-c221-4bf8-8010-18d76b03646e,Brittany Miller,BM@gmail.com
235,3954373b-2411-4d3a-98ba-03bafc1a1a6d,Raymond Clowney,RC@gmail.com
236,b3e73328-3638-4913-b7ae-3a6a64c1cd62,Albert Rutherford,AR@gmail.com
237,47def058-01cc-478f-9830-eaddcccac633,Peter Moree,PM@gmail.com
238,6fb7ead6-71f3-4f57-94bd-18111fbc5e1a,Maria Kim,MK@gmail.com
239,30be2156-59d1-451e-beea-1a3690200a2b,David Gafford,DG@gmail.com
240,b83ae39f-2b80-4925-b5ff-34ddefd7f07c,Vivian Toney,VTrgqcnsrvpx
241,0f21b6d6-7be6-484c-9698-d851ad7d43c5,Vito Hodges,VH@gmail.com
242,b6fd2140-f8b9-498a-a07f-0dc9986736c6,Hazel Eisenhauer,HE@gmail.com
243,73a9e869-62a6-4508-b146-20dc9de19276,Michael Bowman,MB@gmail.com
244,8d67b1c4-cd76-4701-a908-738e7a2411e7,Katie Cooper,KC@gmail.com
245,13c06e7e-833d-47eb-a790-5e09ccfd8d2c,Rebecca Swanner,RS@gmail.com
246,7e263bf1-e036-4cc8-9cb8-9beec89027a3,Suzanne Luce,SL@gmail.com
247,122c3e03-0a96-4d62-9d17-27f8e2b6ba58,Rudolph Villena,RV@gmail.com
248,6053d7e5-47da-4156-8b7c-dacf23a0e660,Matthew Brown,MB@gmail.com
249,1add9169-fda0-4da2-82a0-4de3bf7ed8ca,Cynthia Cannon,CC@gmail.com
250,9a84c667-c913-47ce-be69-0f847dbfe0db,Daniel Gray,DG@gmail.com
251,80e03bc0-fc8f-475b-a4dd-870844b7a313,Juanita Williams,JW@gmail.com
252,192a526b-4952-4bda-b659-4661dab12716,Eloise Curry,EC@gmail.com
253,1545ddaf-2b75-4143-82fe-b88966aee4fb,Donald Smart,DS@gmail.com
254,63e1cb43-d3dc-491a-af16-209c1c152c44,Deborah Thomas,DT@gmail.com
255,1bcc3c26-e82e-40f4-9d16-3311c8c1ddf6,Charles Mondesir,CM@gmail.com
256,286516cf-d236-40de-8d28-7d0bd173125d,Carolyn Gonzalez,CG@gmail.com
257,b827588c-31b2-47f3-916a-a1dbf7987f50,Vincent Bland,VB@gmail.com
258,9fb4ce88-fac1-406c-8544-1a899cee7aaf,Jess Avila,JA@gmail.com
259,b09e3125-2162-443b-bea0-25895b7605bc,Deborah Hamm,DH@gmail.com
260,3efc3621-873a-4b80-a0cb-27e531d600be,Benjamin Leon,BL@gmail.com
261,3455a646-398f-4b16-b19a-1371cdb2e048,Angela Dunn,AD@gmail.com
262,80fc5e28-17ac-4e79-b9df-0d500abbe8b5,Ernestine Tart,ET@gmail.com
263,bc142f57-1307-46c6-9975-8c3a1e5f540c,Benjamin Peltier,BP@gmail.com
264,c834ba1d-8a10-4984-aaf2-7c2eab207076,Michael Beasley,MB@gmail.com
265,242a3620-fc18-4120-ac72-37b0f3716879,Jim Whitehead,JW@gmail.com
266,740a4abd-187d-4783-990b-161c52fb5f86,Cherie Scheuer,CS@gmail.com
267,084eb113-0d87-4ae5-891b-2ec7f1e194a8,Crystal Nilson,CN@gmail.com
268,a4a3247c-5e68-49d0-a768-a8d7db1c8ef4,Michelle Ebert,ME@gmail.com
269,de39bbda-66a8-4c52-835a-7a104cf7f081,William Lewis,WL@gmail.com
270,19fa2bc2-96ab-45b6-99de-1995c2bee330,Rita Jones,RJ@gmail.com
271,4eed2f45-f040-4995-a60f-472af1ff379a,Larry Richards,LR@gmail.com
272,4ef2c812-b152-4a72-a443-f4ff787d7b0d,Jimmy Anderson,JA@gmail.com
273,7adafb3c-7c7c-492b-be5b-5ddd9ff1316a,April Bitner,AB@gmail.com
274,d9aab962-e964-4afd-83ee-abda0865da67,Belle Walks,BW@gmail.com
275,7d8464e7-44df-46bd-b338-d599eb730ea2,Shawn Cooley,SC@gmail.com
276,c3988ef2-7e28-4db7-8981-c69f61a3bfce,Rosario Johnson,RJ@gmail.com
277,f50ac030-3af8-4e07-aacf-dccff353b8f6,Andrea Fay,AF@gmail.com
278,76a034b7-e163-4735-a15b-b0ff645ca627,Robert Carrillo,RC@gmail.com
279,d1a89d23-7d17-4949-9e1a-637317141f3d,Noah Guilliam,NG@gmail.com
280,5a1ab9a3-1983-4021-9557-d3700a276746,Laura Walker,LWsvedxnkdfr
281,18421d97-6f86-4d21-a7b1-dcc57dd8be76,Harlan Ford,HF@gmail.com
282,c5d04879-87bd-4950-9e63-334382ef53af,Willie Poole,WP@gmail.com
283,ded166ee-173b-4a56-bc6d-464c35709670,Susan Hopp,SH@gmail.com
284,72d2587e-8fae-4626-a73d-352e6465ba0f,Charles Tanimoto,CT@gmail.com
285,ef629f00-391d-4a79-af74-77a9afdbbd41,Maria Steele,MS@gmail.com
286,9a5c1dcc-d26b-4303-b487-3075e7d34e02,Robert King,RK@gmail.com
287,05d7e77f-a18a-4358-a23a-46c560b3682e,Jason Evanoff,JE@gmail.com
288,acbac577-54c9-4476-af3c-a3241a3f4a19,Diane Martinez,DM@gmail.com
289,45064aca-5e28-4b1f-be64-202fc5e0daba,Celia Tucker,CT@gmail.com
290,31cfc138-cec0-4176-bd6d-79c4cadbb1d4,Timothy Call,TC@gmail.com
291,3d5f257e-556b-4e19-b127-977bc5c4daed,Susan Weinhold,SW@gmail.com
292,f9775602-43ab-4d54-ad93-7c9a489879bc,Madeline Schleich,MS@gmail.com
293,af647535-dae8-4ca3-9203-bf4bfc607ffe,Michael Newell,MN@gmail.com
294,9e9cf8e7-6731-47da-bc0f-3a487e835586,William Taylor,WT@gmail.com
295,6f2e20b4-5d7f-4345-b5a1-71a768ab8050,Rhonda Morrow,RM@gmail.com
296,fe224147-e893-4178-b46e-b12f22bd7ed1,Robert Watkins,RW@gmail.com
297,683d880b-3ccf-4f4d-8182-96e7a7a884bd,Sheila Liberty,SL@gmail.com
298,a90c3ed2-7c64-47c3-9da5-b10d05f6f9f2,Paula Gookin,PG@gmail.com
299,5d454588-283d-459d-915d-c48a2cb4c27f,Richard Smith,RS@gmail.com
300,b870b764-7447-4990-a8d4-024d33e0e67d,Manuel Powell,MP@gmail.com
301,374634b7-aead-4f2f-9303-c15f456c4094,Gerald Cager,GC@gmail.com
302,91fa7240-3d29-4dd0-baf1-ace7742a6e3f,Bessie Mcintyre,BM@gmail.com
303,375985a6-ae79-43d2-b7c6-b182d83f1eaf,Jackie Jones,JJ@gmail.com
304,248a8f9f-10ac-4786-adfb-d0c3dd4e4b97,Addie Ippolito,AI@gmail.com
305,600118fa-e6f4-4d74-aeb6-936abbbf38a1,Darrell Becker,DB@gmail.com
306,91dbe082-62c3-4bfd-9721-7c94be3a3d32,Kathy Mckeel,KM@gmail.com
307,17bc2431-754a-46e8-81e2-32820d3fc612,Brain Duckworth,BD@gmail.com
308,3ae50cc3-39cc-440a-8e31-3215011f2762,Crystal Dukes,CD@gmail.com
309,168e6d97-0b9c-45d0-ba57-cabc8c60d428,Maria Simpson,MS@gmail.com
310,eb74e88c-1bf5-402f-987e-90a5977ae1e3,Julio Tiano,JT@gmail.com
311,f7d73e35-248c-4369-9e4d-1f38bea06a5f,Dawn Marr,DM@gmail.com
312,fc17ca61-7c66-4ceb-8504-32f58b438b45,Cory Porter,CP@gmail.com
313,5897490a-0aaa-49c9-b63e-0da83088e3e0,Tyler Roosa,TR@gmail.com
314,e09aa625-3db7-49bd-be09-9aaa0c86a8bf,Matthew Perkins,MP@gmail.com
315,a1290f9f-af93-432d-be86-65840470c621,Jamie Shook,JS@gmail.com
316,b7b551bd-8cdd-44f3-aef8-29bf82b51535,Myrtis Isaacs,MI@gmail.com
317,90898216-e580-46c0-8e79-f2df84a9676d,Elva Norris,EN@gmail.com
318,a81df767-7da1-4844-b63c-fee4c9c7895d,Lee Francis,LF@gmail.com
319,8dda1a41-9e57-4944-bd36-18c0ac343b13,Dinah Kelly,DK@gmail.com
320,cfe50481-7c50-48fa-97fa-89b6f137e1bd,Ruth Palmer,RPbrxoephmar
321,40f15350-9ac3-4b6c-83c3-51cc7945dd01,Steven Galeana,SG@gmail.com
322,20d507a0-fdba-4c04-a30c-bd18273accdc,Ellen Gustafson,EG@gmail.com
323,64b82ed5-80dc-4fbb-9dfc-d7e037684f0e,Daniel Ibara,DI@gmail.com
324,f4ed8f9c-5eac-4d77-a206-c60afda2921a,Shirley Peredo,SP@gmail.com
325,4172c4ea-8fd9-4e50-bd2c-7020eab84f34,Michael Fernandez,MF@gmail.com
326,dd118345-3ba6-4800-9686-d5479fee403d,Christopher Mitchell,CM@gmail.com
327,e74edcea-5db4-4412-a4ce-eb7c5adc314a,Jeanie Kirn,JK@gmail.com
328,fa16aabb-fac3-4310-b19c-ce7021eb825b,Helen Wynn,HW@gmail.com
329,72f7f84c-5bcc-4380-81cd-3378ce0a1b32,Harold Miller,HM@gmail.com
330,8d3661fd-d953-4c1b-857d-82b3e34f569e,Peter Oliver,PO@gmail.com
331,b4a6b3ac-b6af-4525-8d59-7afc00ff279d,Benny Addison,BA@gmail.com
332,3205ad12-726a-4b65-a15a-1a899a9d310b,Deborah Jackson,DJ@gmail.com
333,0873e9a7-234a-4096-a92a-8dc7a03eb0c5,Robert Marco,RM@gmail.com
334,7be6e8bc-39b0-4035-ac93-1df8fd7e1928,Barbara Porter,BP@gmail.com
335,789b11b4-96ff-4abd-8da2-3da8b12d1e6e,Drew Robbins,DR@gmail.com
336,cad2d54d-9555-4dfe-bfcd-7a584895a002,Minnie Summerlin,MS@gmail.com
337,3b751c3f-bab7-4b2b-a95f-10d57c02aa6a,Dena Brandon,DB@gmail.com
338,bbe8f83c-af9c-4dab-b5fa-7925822e450d,Dona Rivera,DR@gmail.com
339,a710ab29-b72a-42c8-a79b-42e63d4a8bfd,Sally Phillips,SP@gmail.com
340,ac4e6ee0-d1bd-4e6b-9355-7567b3e3ec5e,Charles Browder,CB@gmail.com
341,5ad56e97-58f6-4e66-9b8f-5c16358a9a97,Darlene Kovacs,DK@gmail.com
342,d5b6f279-ab5f-4391-b92a-c8acc8ceceb6,Norma Bethel,NB@gmail.com
343,f717de6d-2b64-4ef9-855d-ff1c9460c3fe,Vivian Floyd,VF@gmail.com
344,225f147b-0951-40a8-96fb-2ceba9f3153a,Russell Morris,RM@gmail.com
345,92423e9a-4e8c-49bc-be75-c819912696ce,Elida Jordon,EJ@gmail.com
346,3a80467c-0f1f-49ca-b904-1938ea2177a9,Evelina Pena,EP@gmail.com
347,80c9ce48-46f9-4f5e-b3ca-3b698fc2e949,Joyce Batts,JB@gmail.com
348,bf721d00-4fa1-44b1-834f-4730cd51aefa,Tara Johnson,TJ@gmail.com
349,f0ef81ec-85b1-4475-ae60-aa7d373088aa,John Campbell,JC@gmail.com
350,9b8a3e97-eee6-4de5-ab88-e00d2c0db6b9,Janet Bolen,JB@gmail.com
351,61d88e0e-c0e7-4352-85ad-555e464ff933,Cassandra Gillikin,CG@gmail.com
352,2ad548cd-a899-4992-972b-92cde9cea8f1,Donna Adams,DA@gmail.com
353,ffdb3615-516c-422f-aa24-a137e3027d3a,Maria Hughes,MH@gmail.com
354,31ff6616-c1dc-4b9a-8091-0b4d0cac25b1,Edna Horner,EH@gmail.com
355,c924f935-cff8-45c0-b4b7-5ed2c6cdaac8,Marie Carrizales,MC@gmail.com
356,941db1b1-270d-47f8-8a96-43f5a7481f03,Dwight Jefferson,DJ@gmail.com
357,e8849148-1482-4926-9f28-a537630b9ba2,Sharon Lindsey,SL@gmail.com
358,b7e4b060-7b74-408f-b7d7-67a5e1dbfce3,Crystal Scott,CS@gmail.com
359,5870e611-6218-48e1-a9a0-ba86fe5598f7,Mary Carlin,MC@gmail.com
360,241d5c6e-06c7-491b-b23e-f8d6ddc0240a,Amy Fernandez,AFiobiqzxrfh
361,f73a01fe-444d-4b94-8d0e-4ec2cb97495b,Kim Thomas,KT@gmail.com
362,56e65b5b-e1b4-4f67-b596-e75bf103783b,Helen Carter,HC@gmail.com
363,4027aa31-4bda-4e1d-92f7-49de962e8da9,Stacy Parker,SP@gmail.com
364,2546684f-0387-4c46-b19b-9a5ddb2ef221,John Baker,JB@gmail.com
365,93dd80c0-4ff2-42ed-9949-1621b0a68c63,Linda Weissgerber,LW@gmail.com
366,4bc62825-3109-4796-9465-1bf853165347,Billie Frank,BF@gmail.com
367,ef147ea5-9696-44d5-b6c2-a43f62fd8ce2,Anne Davies,AD@gmail.com
368,f5d9a26e-986d-4d8e-a1c9-69493fb64736,Cordelia King,CK@gmail.com
369,a540d720-b44a-4d3d-9643-e12bca77d1f3,Ronald Jines,RJ@gmail.com
370,ce7c338c-cad4-408f-895b-510ca73a388b,Carmen Sander,CS@gmail.com
371,4793cc6d-be60-42cc-bfd4-7ce8fd4d0eab,Patricia Brown,PB@gmail.com
372,38cceae3-14e0-49bb-8087-f6f210a2053a,Jan Lopez,JL@gmail.com
373,ddc4db8e-0000-48c4-8fdb-d32af87fb823,Robert Clarke,RC@gmail.com
374,7f8ef27a-73f4-4bc1-aa62-f8aaea817294,David Watkins,DW@gmail.com
375,db392b86-6ba5-4a9b-933a-a2553488bb62,Reta Brown,RB@gmail.com
376,66663a0d-856f-487f-a2a2-258af21ab3e5,Eva Fontenot,EF@gmail.com
377,3f218ab6-a288-4ee8-affc-3d02a9cbff5f,Judy Bailey,JB@gmail.com
378,cbc99939-e6a6-4269-9819-bffce6f38751,Jose Suiter,JS@gmail.com
379,e69d9ade-20e5-4e31-bc70-5a46556c530f,Rhoda Thomas,RT@gmail.com
380,f8926cfa-7036-4929-b5db-925c26daea1a,Mary Gingues,MG@gmail.com
381,cab84c6a-e342-43ab-85a1-9c6ac1e93bac,Johnny Dekle,JD@gmail.com
382,54729154-eb5c-413a-8837-887365057910,Ricky Reeves,RR@gmail.com
383,d3aa94aa-3e81-49e4-915a-d269e4f42f29,Michael Davis,MD@gmail.com
384,a4fd7920-9edf-4930-84bd-7a38b3bf9cec,Wayne Calabrese,WC@gmail.com
385,e2377b94-f06a-49ed-a266-377c4b07e980,Dirk Fletcher,DF@gmail.com
386,beb1f34e-7870-46d6-9fc7-2e12eb83ce43,Linda Mcclurg,LM@gmail.com
387,5b62e10e-3c19-4d28-a57c-e9bdc3d6758d,Elvin Gehrke,EG@gmail.com
388,89572273-761e-46f3-8b99-1689d98aac90,William Shatley,WS@gmail.com
389,6178d76a-af2e-4453-93ee-02ca23ed3fdc,Jose Hughes,JH@gmail.com
390,b3a84639-5a4f-4c97-8ea8-2ac49882e27a,Ruth Ortega,RO@gmail.com
391,274ac4ac-395a-4f70-90e5-9771ac3db11b,Diane Arrington,DA@gmail.com
392,de1d478e-3552-4223-b039-d3086cc485ec,Robert Sommer,RS@gmail.com
393,10f311c3-f547-4260-8c0e-a155008b7936,James Moore,JM@gmail.com
394,b0c22f82-b882-4394-bf27-6dfadf26e5c2,Anthony Keil,AK@gmail.com
395,8abcf667-7be3-439f-97bb-3375a3de366c,Carlos Cobb,CC@gmail.com
396,3d13e0d3-e765-4065-9221-3f864689b9e0,Mark Nettles,MN@gmail.com
397,b473e898-b7b0-4a57-959d-484bf4cc4483,Lee Horn,LH@gmail.com
398,a94a7d87-65df-4c21-847a-0e8af6cb5c02,Kenneth Hage,KH@gmail.com
399,6eb62858-f6f3-4846-8054-52df483979de,June Joseph,JJ@gmail.com
400,fc709c94-7491-4753-ad53-dfee49823a2f,Lauri Minnis,LMgovskansxq
401,9fbae7e6-65a9-4753-8db9-5f7855b6a540,Michele Calloway,MC@gmail.com
402,b596e7d8-dd3f-4125-8b99-4bf2283657cd,James Rowley,JR@gmail.com
403,58fc0c8b-f669-4ee3-9a92-6d4290d85277,Willis Brockman,WB@gmail.com
404,2941011b-f214-4430-8a14-e791ed0805bb,Frank Waggoner,FW@gmail.com
405,104c4dcb-70d5-4d87-b5b5-8b67205891fe,Anita Gilliam,AG@gmail.com
406,c8145b49-3841-466e-9d49-a636ce2e7d1f,Robert Holt,RH@gmail.com
407,bb987a93-cd4f-4b6b-8691-0997ff8a8ce8,Pauline Rose,PR@gmail.com
408,2ef20e99-8be8-4ab6-a817-83991f7a0fa3,Antonia Witt,AW@gmail.com
409,34fcadd6-fa9b-4404-981a-c70c86cde556,Rosalee Jacinto,RJ@gmail.com
410,de050611-e926-43bb-b1ea-502d8bd25bfc,Karen Rios,KR@gmail.com
411,41cd692a-be3c-4acd-a2c8-184586bdc180,Lawrence Hall,LH@gmail.com
412,596342af-6379-4551-8379-f4b805f9d576,Dale Ordman,DO@gmail.com
413,ade9db41-034e-4b27-befb-42117025dab0,Rebecca Hepler,RH@gmail.com
414,5fbf758a-376b-472c-8aca-a87ff1db3e6d,Hannah Stiles,HS@gmail.com
415,15c2ba5b-eeb6-4d9b-a0e2-7d5461a21c0a,Garrett Lewis,GL@gmail.com
416,a483c273-aee5-44bc-883e-d6963157aa4c,Brian Collins,BC@gmail.com
417,561b08d6-1084-4115-933d-db3e60edfd8b,Alma West,AW@gmail.com
418,c43c2351-9591-4122-acdd-b521723d7292,Gregory Rosales,GR@gmail.com
419,1879b698-1639-438e-a07e-ddd735f8d57c,Gregory Snow,GS@gmail.com
420,94bf7864-a52e-405e-a729-9702bf79c234,Pamela Jones,PJ@gmail.com
421,bec3a622-1373-49c2-9d57-e0281c34f5cf,Stacey Fritz,SF@gmail.com
422,e6a52b6a-20ec-4b09-bbb7-4a1138014985,Mari Gonzalez,MG@gmail.com
423,2129de92-ee91-425f-a854-07c553ee0b74,Donna Folsom,DF@gmail.com
424,f3eb7ee0-7788-43a0-9686-1c399260b17e,Michael Kenoyer,MK@gmail.com
425,aab5b5d2-682b-4b27-89ae-cf7803f76786,Rhonda Davis,RD@gmail.com
426,571d7193-a3e6-4909-b25c-e891fc126f31,Michael Allen,MA@gmail.com
427,f2a3b679-edc8-4b0e-9793-995ef2e100f2,Beverly Courtney,BC@gmail.com
428,4fe420fa-a193-4408-bd5d-62a020233609,Charles Taylor,CT@gmail.com
429,57617bf3-b7d0-49cb-8d88-7d8346656397,Alexander Danker,AD@gmail.com
430,ba55c3a8-5ab2-486a-8c90-b972117453bb,Michael Eudy,ME@gmail.com
431,b9bcd994-f000-4f6b-87fc-caae08acfaa1,Ruth Noriega,RN@gmail.com
432,1ff398e4-6b68-451d-9b00-2d2a565ba22a,Fae Bush,FB@gmail.com
433,70848bd7-6cd5-4686-b22b-a9afb05541a5,Shirley Yamada,SY@gmail.com
434,8298747d-33c8-441c-9c5a-a6cf648c95d8,James Kelcourse,JK@gmail.com
435,71519e2e-6e97-4b73-a346-cc3a91cb4661,Carlos Rushing,CR@gmail.com
436,69f2735b-eee6-4fc1-a934-b31c20beb780,Meagan Starr,MS@gmail.com
437,306662a5-e17a-44a4-bb67-cc858ae1dccd,Clifford Ma,CM@gmail.com
438,939dbcf5-024b-4e63-9e7e-2f15c8b346ba,Stanley Gough,SG@gmail.com
439,3a752edf-f723-46a5-bffb-4a9ed6475546,Eli Anderson,EA@gmail.com
440,766886c9-a63a-4446-bb4a-07d611b3b212,Lance Spencer,LSdtqsemuido
441,8c9c5ee7-9c8c-4842-bbd1-1d1e51da8164,Jeremy Rooney,JR@gmail.com
442,f46eee2a-6024-4046-a6f4-5232366edb87,Thomas Wickman,TW@gmail.com
443,052faed2-37ac-4a2c-ba6f-2657322e4fa5,Anna Despain,AD@gmail.com
444,4edc3d1a-a7d9-4db6-89c3-f784d9954172,Michelle Bell,MB@gmail.com
445,23a48585-f2cf-4a20-8d30-f49361d5625c,Jessica Gray,JG@gmail.com
446,2019ba88-1967-43e6-9710-b17ade18afb3,Ruth Washington,RW@gmail.com
447,55380131-13c6-4a5c-8826-ead0ea8895cc,James King,JK@gmail.com
448,b1954833-b6a5-4c6c-9709-80686b7768c4,Jacob Mcwhite,JM@gmail.com
449,34e8add9-0206-47fd-a501-037b994650a2,Racheal Hart,RH@gmail.com
450,1ea3d5d6-7e6d-4554-b31d-ea31dc2150f9,Michael Dwyer,MD@gmail.com
451,4cbd005f-69d5-4a83-9947-7009f69c0e7d,Mary Vasquez,MV@gmail.com
452,cb97b0ea-fc93-4597-b391-846710c6fedc,Jordan Cloe,JC@gmail.com
453,a5c65404-5894-4b87-82f2-d787cbee86b4,Jaymie Hastings,JH@gmail.com
454,108fc1be-9c15-440a-9cab-634c3f414dcc,Bill Nopper,BN@gmail.com
455,83f8edc6-90b1-4f96-a80b-d6aa74103610,Allen Smith,AS@gmail.com
456,f11e8adf-a550-4e7a-ab81-dbccd952dff8,Daryl Mero,DM@gmail.com
457,4fe1900d-5e78-41a3-88ed-18e6889c6c77,Wallace Nyberg,WN@gmail.com
458,f25dc445-de4a-47ee-92a4-0ff29c56656d,Jamie Thomas,JT@gmail.com
459,007a1366-a46f-40f1-9ba5-01245aeaf20f,Kathryn Lowery,KL@gmail.com
460,fd4da61a-5102-4311-8b9f-2ec57bfac6b1,Bruce Porter,BP@gmail.com
461,542041fb-f361-4353-b0f0-442c1585317a,Oma Aldridge,OA@gmail.com
462,f86853a2-acda-4319-a50c-03f014248042,James Manske,JM@gmail.com
463,d2e48a3d-aeca-4b36-8550-f8cbb10d09b8,Helen Barette,HB@gmail.com
464,3eb6dad3-c017-4e77-8920-fbdea84b0acc,Doris Jenkins,DJ@gmail.com
465,4c0558bc-b0d9-44b0-8b70-5fc6acb6c362,Henry Mester,HM@gmail.com
466,b8c653b5-0118-4d7e-9bde-07c2de90f0ff,William Paiva,WP@gmail.com
467,9bbcd241-2de4-4a55-a3fe-2292cfbdc11c,Randy Huynh,RH@gmail.com
468,0ce03276-e538-4c96-bcae-9844fb0628ac,Oliver Kirby,OK@gmail.com
469,7240bf9b-7424-4c04-aab1-1d7aa39964d9,Jerry Keeton,JK@gmail.com
470,7d8c8c77-77a8-4743-b35f-349c0ac07866,Clyde Wheelis,CW@gmail.com
471,9664d628-9163-4aae-94e0-311f3bdb2f11,Anthony Dunkerson,AD@gmail.com
472,c1c53b8c-b6a8-4343-a369-4a0595a97807,Willie Green,WG@gmail.com
473,f7785ec1-7383-4815-8206-80de7c05fdf9,Deanna Craig,DC@gmail.com
474,d47fd6cf-20fa-45fe-97a1-b8aca043c9a8,Natasha Hazelwood,NH@gmail.com
475,23cc47ff-e5cd-4915-828d-258aefce5a14,Grant Chadwick,GC@gmail.com
476,5d04455b-a95e-40d8-bcd4-8c485777c47f,Deborah Nealy,DN@gmail.com
477,d56c9d87-7d56-4a5e-a0e8-bbc4ddc3242c,Amber Wooten,AW@gmail.com
478,2dd186bb-7a28-4e80-99c7-f1936afc7b49,Benita Brady,BB@gmail.com
479,317c70d5-fe65-4663-afb1-150108e0e55c,Berry Prosper,BP@gmail.com
480,acfcd174-178c-4af3-8118-5be702fb80cf,Shirley Riggan,SRkbabommpez
481,953cb190-5704-4926-adc2-057c6f3e3cb4,Mario Phelps,MP@gmail.com
482,a81378a5-58de-4631-b2b1-3eca765f68c6,Sonia Durham,SD@gmail.com
483,1d8dfb6a-330c-4eb9-a603-364f207c6e57,Elizabeth Reinwald,ER@gmail.com
484,26c9a1fc-78b0-460b-8931-cec1dc87aa0d,Mabel Randall,MR@gmail.com
485,054b5d2a-7ee3-49c8-912a-1cf58389ae60,Walter Lund,WL@gmail.com
486,77a7b81e-96f7-4e5a-92c7-5b07f7333913,Joyce Sanders,JS@gmail.com
487,04e52602-e370-4a99-bfda-f0c1655058da,Mark Turpin,MT@gmail.com
488,fdbaec82-bc98-47b8-8fe6-4aec7524e8e3,Irene Marrow,IM@gmail.com
489,84bd5adb-286c-429a-926d-4ea120270825,Eleanor Monty,EM@gmail.com
490,b7fb2028-4cfc-440b-a1b1-4101f12f7abe,Michael Greene,MG@gmail.com
491,07061727-dc05-4411-ab78-79f95b1869a9,Lana Forrest,LF@gmail.com
492,5b3b843e-7c66-4eac-82b6-8d6f7a19277c,Lloyd Gabert,LG@gmail.com
493,d0ea9a00-4ea9-4c81-b16a-a20b72f824ea,Phillip Johnson,PJ@gmail.com
494,7246fed1-8725-4dbb-bccd-5451346f122d,Candice Dickerson,CD@gmail.com
495,1f7e22c8-558a-4b6f-a04f-b219593f029e,Tracey Corbett,TC@gmail.com
496,0d47a133-383b-4a9c-976c-697ac65ccb19,Jennifer Mcintosh,JM@gmail.com
497,db0066e1-83cc-43f3-990b-983010aa5370,Marion Stecklein,MS@gmail.com
498,d6204684-926d-41db-ae9c-a7bf2e76313a,Jeffery Zerbe,JZ@gmail.com
499,07f4dcd0-2bf3-4f21-9da3-b054b511ae00,Darcel Smith,DS@gmail.com
